area,centroid_lat,centroid_lon,crime_rate_per_10k,cctv_count,police_station,police_coverage_score,amenity_count,safety_score,risk_level,police_score,crime_safety_score,cctv_score,amenity_score,cctv_safety_score,police_safety_score,public_place_safety_score
Gachibowli,17.223953,78.357229,2.645,555,Gachibowli Police Station,0.2580128205128205,119,82.02,LOW,0.258,0.9327,0.9904,0.984,0.9904,0.258,0.984
Kondapur,17.549349,78.382752,3.687,385,Gachibowli Police Station,0.2580128205128205,155,75.1,LOW,0.258,0.766,0.9776,0.9968,0.9776,0.258,0.9968
Kukatpally,17.373652,78.65265,2.729,471,Kukatpally Police Station,0.4375,165,84.97,LOW,0.4375,0.9199,0.9808,1.0,0.9808,0.4375,1.0
Miyapur,17.341996,78.514133,2.451,774,Miyapur Police Station,0.5977564102564102,82,89.52,LOW,0.5978,0.9455,1.0,0.9744,1.0,0.5978,0.9744
Manikonda,17.199545,78.39167,4.674,515,Raidurgam Police Station,0.7644230769230769,106,75.9,LOW,0.7644,0.5321,0.984,0.9808,0.984,0.7644,0.9808
Hitech City,17.641101,78.466214,2.015,518,Madhapur Police Station,0.4375,75,87.63,LOW,0.4375,0.9904,0.9872,0.9647,0.9872,0.4375,0.9647
Madhapur,17.547651,78.262071,3.078,254,Madhapur Police Station,0.4375,150,80.87,LOW,0.4375,0.8718,0.9103,0.9936,0.9103,0.4375,0.9936
Nallagandla,17.678214,78.553367,6.351,83,Chandanagar Police Station,0.4375,29,29.78,HIGH,0.4375,0.141,0.3189,0.5817,0.3189,0.4375,0.5817
Madinaguda,17.102511,78.516475,2.994,111,Miyapur Police Station,0.5977564102564102,22,66.54,LOW,0.5978,0.8846,0.5032,0.4103,0.5032,0.5978,0.4103
Narsingi,17.399182,78.548228,5.947,73,Narsingi Police Station,0.1330128205128205,26,23.85,HIGH,0.133,0.2179,0.2452,0.5112,0.2452,0.133,0.5112
Chanda Nagar,17.421322,78.36681,3.723,325,Chandanagar Police Station,0.4375,65,77.2,LOW,0.4375,0.75,0.9712,0.9311,0.9712,0.4375,0.9311
Appa Junction,17.664487,78.486959,4.338,304,Rajendranagar Police Station,0.016025641025641,66,63.33,LOW,0.016,0.6186,0.9631,0.9375,0.9631,0.016,0.9375
Nizampet,17.701506,78.424703,2.947,52,Bachupally Police Station,0.5977564102564102,25,56.25,MEDIUM,0.5978,0.8974,0.117,0.4888,0.117,0.5978,0.4888
Banjara Hills,17.735365,78.507679,1.868,350,Banjara Hills Police Station,0.7644230769230769,90,94.04,LOW,0.7644,0.9936,0.9744,0.9776,0.9744,0.7644,0.9776
Secunderabad,17.18024,78.162902,4.408,81,Secunderabad Police Station,0.9278846153846154,36,59.33,MEDIUM,0.9279,0.6058,0.3045,0.7404,0.3045,0.9279,0.7404
Begumpet,17.018421,78.60224,3.074,127,Begumpet Police Station,0.5977564102564102,21,69.55,LOW,0.5978,0.8766,0.6266,0.3734,0.6266,0.5978,0.3734
Bachupally,17.70714,78.592468,5.433,55,Bachupally Police Station,0.5977564102564102,13,31.07,HIGH,0.5978,0.3333,0.133,0.1795,0.133,0.5978,0.1795
Kompally,17.60033,78.536343,2.922,238,Petbasheerabad Police Station,0.2580128205128205,70,77.45,LOW,0.258,0.9006,0.891,0.9535,0.891,0.258,0.9535
KPHB Colony,17.289556,78.52824,5.82,29,KPHB Police Station,0.7644230769230769,34,33.25,HIGH,0.7644,0.25,0.0321,0.7003,0.0321,0.7644,0.7003
Adibatla,17.196386,78.583349,4.966,64,Adibatla Police Station,0.5977564102564102,27,41.68,MEDIUM,0.5978,0.4744,0.1795,0.5369,0.1795,0.5978,0.5369
Gajularamaram,17.337753,78.704216,4.527,145,Jeedimetla Police Station,0.2580128205128205,47,58.41,MEDIUM,0.258,0.5737,0.726,0.8526,0.726,0.258,0.8526
Hafeezpet,17.504688,78.428553,3.42,217,Miyapur Police Station,0.5977564102564102,61,79.86,LOW,0.5978,0.8189,0.8654,0.9183,0.8654,0.5978,0.9183
Pragathi Nagar,17.165037,78.468848,3.42,257,Bachupally Police Station,0.5977564102564102,40,80.32,LOW,0.5978,0.8189,0.9183,0.8061,0.9183,0.5978,0.8061
Gopanpally,17.635756,78.450198,4.453,136,Gachibowli Police Station,0.2580128205128205,12,50.71,MEDIUM,0.258,0.5897,0.6779,0.1619,0.6779,0.258,0.1619
Puppalaguda,17.44649,78.697742,5.144,73,Narsingi Police Station,0.1330128205128205,19,29.5,HIGH,0.133,0.4071,0.2452,0.3205,0.2452,0.133,0.3205
Shadnagar,17.25268,78.395404,3.918,79,Shadnagar Police Station,0.7644230769230769,22,56.97,MEDIUM,0.7644,0.7244,0.2869,0.4103,0.2869,0.7644,0.4103
Jubilee Hills,17.463773,78.474153,3.074,772,Jubilee Hills Police Station,0.7644230769230769,140,90.16,LOW,0.7644,0.8766,0.9968,0.9904,0.9968,0.7644,0.9904
Attapur,17.349395,78.393705,6.443,281,Rajendranagar Police Station,0.016025641025641,27,39.02,MEDIUM,0.016,0.1218,0.9487,0.5369,0.9487,0.016,0.5369
Ameerpet,17.178004,78.610889,5.524,45,SR Nagar Police Station,0.0560897435897435,24,20.69,HIGH,0.0561,0.3077,0.0865,0.4663,0.0865,0.0561,0.4663
Alwal,17.596252,78.430979,4.973,43,Alwal Police Station,0.2580128205128205,7,26.86,HIGH,0.258,0.4712,0.0737,0.0641,0.0737,0.258,0.0641
Beeramguda,17.112922,78.491173,6.084,88,Ameenpur Police Station,0.7644230769230769,8,34.74,HIGH,0.7644,0.1923,0.3638,0.0849,0.3638,0.7644,0.0849
Uppal,17.220241,78.55638,3.281,27,Uppal Police Station,0.7644230769230769,24,54.23,MEDIUM,0.7644,0.8365,0.0272,0.4663,0.0272,0.7644,0.4663
Bandlaguda,17.20684,78.221349,5.804,79,Bandlaguda Police Station,0.9278846153846154,7,37.93,MEDIUM,0.9279,0.2532,0.2869,0.0641,0.2869,0.9279,0.0641
Tellapur,17.285935,78.21136,5.42,87,Ramachandrapuram Police Station,0.5977564102564102,29,42.2,MEDIUM,0.5978,0.3462,0.3526,0.5817,0.3526,0.5978,0.5817
Patancheru,17.634315,78.248326,3.57,104,Patancheru Police Station,0.0560897435897435,32,53.24,MEDIUM,0.0561,0.7917,0.4631,0.6554,0.4631,0.0561,0.6554
Kollur,17.486281,78.653607,6.973,26,BDL Bhanur Police Station,0.1330128205128205,33,12.39,HIGH,0.133,0.0577,0.0208,0.6795,0.0208,0.133,0.6795
Shamshabad,17.550631,78.554918,4.315,101,Shamshabad Police Station,0.5977564102564102,16,52.64,MEDIUM,0.5978,0.625,0.4423,0.242,0.4423,0.5978,0.242
Dilsukhnagar,17.46414,78.515823,2.5,77,Dilsukhnagar Police Station,0.9278846153846154,16,66.79,LOW,0.9279,0.9423,0.2708,0.242,0.2708,0.9279,0.242
Malkajgiri,17.462721,78.666189,4.535,39,Malkajgiri Police Station,0.4375,22,37.4,MEDIUM,0.4375,0.5705,0.0577,0.4103,0.0577,0.4375,0.4103
Boduppal,17.64994,78.590556,4.399,139,Medipally Police Station,0.9278846153846154,52,72.55,LOW,0.9279,0.609,0.6955,0.8766,0.6955,0.9279,0.8766
Srisailam Highway,17.413137,78.890595,4.355,72,Pahadi Shareef Police Station,0.2580128205128205,29,42.66,MEDIUM,0.258,0.6154,0.2356,0.5817,0.2356,0.258,0.5817
Yapral,17.205047,78.672921,5.957,47,Jawaharnagar Police Station,0.4375,13,21.84,HIGH,0.4375,0.2115,0.0946,0.1795,0.0946,0.4375,0.1795
LB Nagar,17.223302,78.650534,3.622,50,LB Nagar Police Station,0.2580128205128205,21,42.95,MEDIUM,0.258,0.7756,0.101,0.3734,0.101,0.258,0.3734
Sanath Nagar,17.2966,78.498886,5.044,171,Sanathnagar Police Station,0.5977564102564102,11,56.33,MEDIUM,0.5978,0.4455,0.8365,0.1458,0.8365,0.5978,0.1458
Sainikpuri,17.728488,78.514665,7.353,158,Neredmet Police Station,0.2580128205128205,31,36.25,MEDIUM,0.258,0.0256,0.7917,0.6314,0.7917,0.258,0.6314
Nagole,17.357873,78.501136,5.411,113,Nagole Police Station,0.7644230769230769,15,47.18,MEDIUM,0.7644,0.3526,0.5192,0.2212,0.5192,0.7644,0.2212
Mokila,17.227273,78.626481,4.988,94,Mokila Police Station,0.9278846153846154,20,53.09,MEDIUM,0.9279,0.4679,0.4119,0.3462,0.4119,0.9279,0.3462
Hayathnagar,17.392505,78.640786,3.551,121,Hayathnagar Police Station,0.1330128205128205,5,51.97,MEDIUM,0.133,0.7949,0.5801,0.0112,0.5801,0.133,0.0112
Bhanur,17.613554,78.247792,4.63,79,BDL Bhanur Police Station,0.1330128205128205,22,37.16,MEDIUM,0.133,0.5449,0.2869,0.4103,0.2869,0.133,0.4103
Dammaiguda,17.275062,78.575521,5.936,118,Jawaharnagar Police Station,0.4375,36,42.07,MEDIUM,0.4375,0.2212,0.5689,0.7404,0.5689,0.4375,0.7404
Kokapet,17.329342,78.251058,4.647,146,Narsingi Police Station,0.1330128205128205,20,49.95,MEDIUM,0.133,0.5417,0.7388,0.3462,0.7388,0.133,0.3462
Tolichowki,17.261457,78.433378,2.697,138,Golconda Police Station,0.4375,12,68.17,LOW,0.4375,0.9295,0.6875,0.1619,0.6875,0.4375,0.1619
Himayatnagar,17.56324,78.449853,5.863,115,Himayatnagar Police Station,0.9278846153846154,13,46.23,MEDIUM,0.9279,0.2372,0.5465,0.1795,0.5465,0.9279,0.1795
Vanasthalipuram,17.631985,78.487968,4.923,72,Vanasthalipuram Police Station,0.5977564102564102,14,40.27,MEDIUM,0.5978,0.4808,0.2356,0.2019,0.2356,0.5978,0.2019
Moosapet,17.292568,78.490913,3.892,89,Kukatpally Police Station,0.4375,26,54.29,MEDIUM,0.4375,0.7308,0.3734,0.5112,0.3734,0.4375,0.5112
Motinagar,17.481379,78.60015,6.661,63,Sanathnagar Police Station,0.5977564102564102,17,23.67,HIGH,0.5978,0.0962,0.1715,0.2724,0.1715,0.5978,0.2724
Lingampally,17.360808,78.416538,6.1,31,Chandanagar Police Station,0.4375,27,22.48,HIGH,0.4375,0.1827,0.0353,0.5369,0.0353,0.4375,0.5369
Nizampet Road,17.518401,78.531392,4.325,76,Kukatpally Police Station,0.4375,33,48.4,MEDIUM,0.4375,0.6218,0.266,0.6795,0.266,0.4375,0.6795
Moinabad,17.262479,78.129574,2.425,43,Moinabad Police Station,0.5977564102564102,31,58.69,MEDIUM,0.5978,0.9551,0.0737,0.6314,0.0737,0.5978,0.6314
Whitefield,17.623683,78.214484,6.895,112,Kondapur Police Station,0.9278846153846154,19,39.74,MEDIUM,0.9279,0.0673,0.5096,0.3205,0.5096,0.9279,0.3205
Rajendra Nagar,17.408252,78.40942,6.344,104,Rajendranagar Police Station,0.016025641025641,5,20.1,HIGH,0.016,0.1442,0.4631,0.0112,0.4631,0.016,0.0112
Financial District,17.170591,78.455101,3.129,661,Gachibowli Police Station,0.2580128205128205,121,78.81,LOW,0.258,0.8494,0.9936,0.9872,0.9936,0.258,0.9872
Shaikpet,17.385516,78.320897,5.015,68,Golconda Police Station,0.4375,17,35.98,MEDIUM,0.4375,0.4647,0.1971,0.2724,0.1971,0.4375,0.2724
Chilkur,17.289573,78.579594,3.926,145,Moinabad Police Station,0.5977564102564102,19,65.66,LOW,0.5978,0.7179,0.726,0.3205,0.726,0.5978,0.3205
Mehdipatnam,17.650926,78.552764,6.159,84,Mehdipatnam Police Station,0.7644230769230769,6,32.32,HIGH,0.7644,0.1731,0.3253,0.0353,0.3253,0.7644,0.0353
Shamirpet,17.723594,78.279877,5.165,148,Shamirpet Police Station,0.4375,54,55.77,MEDIUM,0.4375,0.391,0.75,0.8878,0.75,0.4375,0.8878
Habsiguda,17.318856,78.558704,6.823,88,Osmania University Police Station,0.9278846153846154,31,38.86,MEDIUM,0.9279,0.0769,0.3638,0.6314,0.3638,0.9279,0.6314
Ameenpur,17.46924,78.336918,3.106,137,Ameenpur Police Station,0.7644230769230769,42,78.67,LOW,0.7644,0.8654,0.6827,0.8285,0.6827,0.7644,0.8285
Bolaram,17.621304,78.486164,5.752,33,Bolaram Police Station,0.9278846153846154,38,38.19,MEDIUM,0.9279,0.2628,0.0417,0.7869,0.0417,0.9279,0.7869
Chintal,17.451262,78.714762,2.229,109,Jeedimetla Police Station,0.2580128205128205,20,62.31,LOW,0.258,0.9744,0.4904,0.3462,0.4904,0.258,0.3462
Rampally,17.392661,78.716157,5.792,69,Ghatkesar Police Station,0.4375,7,25.8,HIGH,0.4375,0.2564,0.2051,0.0641,0.2051,0.4375,0.0641
Bibinagar,17.153473,78.493444,4.265,74,Bibinagar Police Station,0.9278846153846154,38,59.79,MEDIUM,0.9279,0.6442,0.2532,0.7869,0.2532,0.9279,0.7869
Nanakramguda,17.495902,78.319158,6.67,114,Gachibowli Police Station,0.2580128205128205,33,31.68,HIGH,0.258,0.0929,0.5337,0.6795,0.5337,0.258,0.6795
Kothapet,17.288308,78.476194,5.419,116,Chaitanyapuri Police Station,0.9278846153846154,7,49.9,MEDIUM,0.9279,0.3494,0.5577,0.0641,0.5577,0.9279,0.0641
Nacharam,17.341204,78.711032,3.919,148,Nacharam Police Station,0.7644230769230769,64,75.9,LOW,0.7644,0.7212,0.75,0.9263,0.75,0.7644,0.9263
Ghatkesar,17.529929,78.770635,4.25,63,Ghatkesar Police Station,0.4375,36,47.32,MEDIUM,0.4375,0.6506,0.1715,0.7404,0.1715,0.4375,0.7404
Kothaguda,17.115072,78.385605,4.751,118,Madhapur Police Station,0.4375,23,51.01,MEDIUM,0.4375,0.5192,0.5689,0.4423,0.5689,0.4375,0.4423
Mallapur,17.683371,78.412847,2.104,97,Nacharam Police Station,0.7644230769230769,29,73.35,LOW,0.7644,0.984,0.4295,0.5817,0.4295,0.7644,0.5817
West Marredpally,17.588753,78.647246,2.707,128,Marredpally Police Station,0.7644230769230769,14,73.4,LOW,0.7644,0.9263,0.6346,0.2019,0.6346,0.7644,0.2019
AS Rao Nagar,17.347951,78.498479,4.732,159,Kushaiguda Police Station,0.2580128205128205,12,51.76,MEDIUM,0.258,0.5224,0.8029,0.1619,0.8029,0.258,0.1619
Tarnaka,17.1729,78.511255,7.027,102,Lallaguda Police Station,0.4375,26,29.38,HIGH,0.4375,0.0513,0.4487,0.5112,0.4487,0.4375,0.5112
Tukkuguda,17.325636,78.309221,3.589,128,Pahadi Shareef Police Station,0.2580128205128205,27,60.98,LOW,0.258,0.7853,0.6346,0.5369,0.6346,0.258,0.5369
Trimulgherry,17.551682,78.514376,6.659,104,Trimulgherry Police Station,0.9278846153846154,30,42.5,MEDIUM,0.9279,0.0994,0.4631,0.6074,0.4631,0.9279,0.6074
Bowenpally,17.707349,78.523173,3.89,142,Bowenpally Police Station,0.5977564102564102,9,63.75,LOW,0.5978,0.734,0.7131,0.1042,0.7131,0.5978,0.1042
Kapra,17.379922,78.578805,5.154,119,Kushaiguda Police Station,0.2580128205128205,29,44.34,MEDIUM,0.258,0.4038,0.5737,0.5817,0.5737,0.258,0.5817
Kismatpur,17.177126,78.22549,5.424,50,Rajendranagar Police Station,0.016025641025641,25,21.96,HIGH,0.016,0.3429,0.101,0.4888,0.101,0.016,0.4888
ECIL,17.333063,78.647082,6.932,62,Kushaiguda Police Station,0.2580128205128205,37,19.95,HIGH,0.258,0.0609,0.1571,0.7644,0.1571,0.258,0.7644
Ramanthapur,17.50756,78.536827,3.481,69,Uppal Police Station,0.7644230769230769,30,59.7,MEDIUM,0.7644,0.8045,0.2051,0.6074,0.2051,0.7644,0.6074
Suchitra Road,17.280899,78.573214,7.417,145,Petbasheerabad Police Station,0.2580128205128205,31,34.15,HIGH,0.258,0.0224,0.726,0.6314,0.726,0.258,0.6314
Kavadiguda,17.547813,78.498412,3.957,54,Gandhinagar Police Station,0.7644230769230769,14,49.31,MEDIUM,0.7644,0.7051,0.1266,0.2019,0.1266,0.7644,0.2019
Kachiguda,17.54792,78.413219,6.32,109,Kachiguda Police Station,0.9278846153846154,14,41.25,MEDIUM,0.9279,0.149,0.4904,0.2019,0.4904,0.9279,0.2019
Nagaram,17.286321,78.394406,2.017,243,Kushaiguda Police Station,0.2580128205128205,35,78.75,LOW,0.258,0.9872,0.8974,0.7179,0.8974,0.258,0.7179
Sri Nagar Colony,17.357125,78.503105,5.577,113,SR Nagar Police Station,0.0560897435897435,19,31.57,HIGH,0.0561,0.2917,0.5192,0.3205,0.5192,0.0561,0.3205
Osman Nagar,17.566397,78.364795,6.552,124,Ramachandrapuram Police Station,0.5977564102564102,11,35.8,MEDIUM,0.5978,0.109,0.601,0.1458,0.601,0.5978,0.1458
Rudraram,17.221012,78.760482,3.767,71,Patancheru Police Station,0.0560897435897435,32,44.28,MEDIUM,0.0561,0.7468,0.2244,0.6554,0.2244,0.0561,0.6554
Borabanda,17.609182,78.306185,5.677,52,SR Nagar Police Station,0.0560897435897435,22,19.5,HIGH,0.0561,0.2692,0.117,0.4103,0.117,0.0561,0.4103
Hyder Nagar,17.335728,78.344072,4.281,269,KPHB Police Station,0.7644230769230769,53,77.56,LOW,0.7644,0.6346,0.9359,0.8814,0.9359,0.7644,0.8814
Old Bowenpally,17.42562,78.529928,7.647,62,Bowenpally Police Station,0.5977564102564102,29,22.74,HIGH,0.5978,0.0064,0.1571,0.5817,0.1571,0.5978,0.5817
Neredmet,17.54588,78.706557,3.997,221,Neredmet Police Station,0.2580128205128205,40,67.18,LOW,0.258,0.6939,0.8734,0.8061,0.8734,0.258,0.8061
Somajiguda,17.478951,78.552244,2.542,192,Punjagutta Police Station,0.5977564102564102,61,84.28,LOW,0.5978,0.9391,0.8526,0.9183,0.8526,0.5978,0.9183
Malakpet,17.302068,78.621226,2.349,134,Malakpet Police Station,0.4375,58,76.33,LOW,0.4375,0.9647,0.6635,0.9087,0.6635,0.4375,0.9087
Sanjeeva Reddy Nagar,17.599348,78.55231,2.221,40,SR Nagar Police Station,0.0560897435897435,26,47.21,MEDIUM,0.0561,0.9776,0.0625,0.5112,0.0625,0.0561,0.5112
Pocharam,17.768962,78.427551,2.599,113,Pocharam IT Corridor Police Station,0.9278846153846154,35,78.75,LOW,0.9279,0.9359,0.5192,0.7179,0.5192,0.9279,0.7179
Serilingampally,17.319887,78.300285,6.768,123,Chandanagar Police Station,0.4375,33,36.52,MEDIUM,0.4375,0.0833,0.5881,0.6795,0.5881,0.4375,0.6795
Balanagar,17.453849,78.290826,6.998,158,Balanagar Police Station,0.7644230769230769,9,42.26,MEDIUM,0.7644,0.0545,0.7917,0.1042,0.7917,0.7644,0.1042
Mallampet,17.225908,78.667443,4.109,142,Dundigal Police Station,0.0929487179487179,57,59.09,MEDIUM,0.0929,0.6699,0.7131,0.9038,0.7131,0.0929,0.9038
Bhogaram,17.64651,78.684378,5.899,38,Keesara Police Station,0.2580128205128205,6,16.07,HIGH,0.258,0.2244,0.0529,0.0353,0.0529,0.258,0.0353
Madhuranagar,17.17693,78.522131,7.082,62,SR Nagar Police Station,0.0560897435897435,24,12.16,HIGH,0.0561,0.0417,0.1571,0.4663,0.1571,0.0561,0.4663
Mettuguda,17.236819,78.710943,2.446,85,Lallaguda Police Station,0.4375,52,65.37,LOW,0.4375,0.9487,0.3301,0.8766,0.3301,0.4375,0.8766
Warangal Highway,17.621173,78.425874,3.997,92,Ghatkesar Police Station,0.4375,18,51.22,MEDIUM,0.4375,0.6939,0.391,0.2981,0.391,0.4375,0.2981
Kothur,17.209284,78.203914,2.316,169,Kothur Police Station,0.7644230769230769,28,84.62,LOW,0.7644,0.9712,0.8301,0.5577,0.8301,0.7644,0.5577
Medchal,17.250938,78.704479,3.538,43,Medchal Police Station,0.5977564102564102,36,53.49,MEDIUM,0.5978,0.7981,0.0737,0.7404,0.0737,0.5978,0.7404
Srinagar Colony,17.246177,78.725803,5.16,83,SR Nagar Police Station,0.0560897435897435,9,27.5,HIGH,0.0561,0.3942,0.3189,0.1042,0.3189,0.0561,0.1042
Saroor Nagar,17.385923,78.427054,3.593,221,Saroornagar Police Station,0.5977564102564102,67,78.86,LOW,0.5978,0.7821,0.8734,0.9423,0.8734,0.5978,0.9423
Maheshwaram,17.204511,78.391185,5.108,116,Maheshwaram Police Station,0.9278846153846154,68,61.67,LOW,0.9279,0.4231,0.5577,0.9455,0.5577,0.9279,0.9455
Amberpet,17.556419,78.461335,6.037,63,Amberpet Police Station,0.9278846153846154,33,38.45,MEDIUM,0.9279,0.1987,0.1715,0.6795,0.1715,0.9279,0.6795
Langar Houz,17.634244,78.588077,2.763,57,Langar Houz Police Station,0.9278846153846154,24,64.12,LOW,0.9279,0.9167,0.141,0.4663,0.141,0.9279,0.4663
Shankarpalli,17.118279,78.386681,2.219,86,Shankarpally Police Station,0.9278846153846154,18,70.96,LOW,0.9279,0.9808,0.3397,0.2981,0.3397,0.9279,0.2981
Khairatabad,17.535927,78.463892,5.435,45,Khairatabad Police Station,0.9278846153846154,22,38.46,MEDIUM,0.9279,0.3301,0.0865,0.4103,0.0865,0.9279,0.4103
Abids,17.180236,78.556768,6.198,26,Abids Police Station,0.7644230769230769,13,24.5,HIGH,0.7644,0.1699,0.0208,0.1795,0.0208,0.7644,0.1795
Kavuri Hills,17.391905,78.216432,4.856,75,Madhapur Police Station,0.4375,5,36.52,MEDIUM,0.4375,0.4968,0.2596,0.0112,0.2596,0.4375,0.0112
East Marredpally,17.549322,78.396107,5.035,150,Marredpally Police Station,0.7644230769230769,38,64.1,LOW,0.7644,0.4551,0.758,0.7869,0.758,0.7644,0.7869
Dundigal,17.726931,78.355789,2.902,81,Dundigal Police Station,0.0929487179487179,28,52.72,MEDIUM,0.0929,0.9038,0.3045,0.5577,0.3045,0.0929,0.5577
Padma Rao Nagar,17.19572,78.590018,4.002,88,Chilakalguda Police Station,0.2580128205128205,13,45.43,MEDIUM,0.258,0.6891,0.3638,0.1795,0.3638,0.258,0.1795
Medipalli,17.621221,78.415788,4.261,139,Medipalli Police Station,0.7644230769230769,22,66.15,LOW,0.7644,0.6474,0.6955,0.4103,0.6955,0.7644,0.4103
Bhongir,17.472933,78.875214,5.754,86,Bhongir Town Police Station,0.7644230769230769,6,36.22,MEDIUM,0.7644,0.2596,0.3397,0.0353,0.3397,0.7644,0.0353
Peerzadiguda,17.632145,78.626781,6.209,67,Medipalli Police Station,0.7644230769230769,22,31.78,HIGH,0.7644,0.1667,0.1907,0.4103,0.1907,0.7644,0.4103
Bahadurpally,17.274382,78.366925,4.205,75,Dundigal Police Station,0.0929487179487179,6,36.15,MEDIUM,0.0929,0.6538,0.2596,0.0353,0.2596,0.0929,0.0353
Quthbullapur,17.495439,78.59341,5.885,117,Jeedimetla Police Station,0.2580128205128205,17,34.17,HIGH,0.258,0.234,0.5641,0.2724,0.5641,0.258,0.2724
Shanthi Nagar,17.313297,78.505095,4.024,115,Masab Tank Police Station,0.9278846153846154,43,70.61,LOW,0.9279,0.6827,0.5465,0.8349,0.5465,0.9279,0.8349
Nallakunta,17.324606,78.533905,5.258,115,Nallakunta Police Station,0.5977564102564102,29,49.17,MEDIUM,0.5978,0.375,0.5465,0.5817,0.5465,0.5978,0.5817
Gandi Maisamma,17.640839,78.630088,6.492,102,Dundigal Police Station,0.0929487179487179,35,27.12,HIGH,0.0929,0.1154,0.4487,0.7179,0.4487,0.0929,0.7179
Badangpet,17.247311,78.841913,3.862,116,Meerpet Police Station,0.4375,30,61.17,LOW,0.4375,0.7404,0.5577,0.6074,0.5577,0.4375,0.6074
Masab Tank,17.534217,78.534499,5.137,52,Humayun Nagar Police Station,0.7644230769230769,26,40.32,MEDIUM,0.7644,0.4103,0.117,0.5112,0.117,0.7644,0.5112
Ibrahimpatnam,17.181797,78.680311,5.113,127,Ibrahimpatnam Police Station,0.2580128205128205,20,44.09,MEDIUM,0.258,0.4167,0.6266,0.3462,0.6266,0.258,0.3462
Moula Ali,17.428152,78.672131,5.174,67,Malkajgiri Police Station,0.4375,33,36.78,MEDIUM,0.4375,0.3878,0.1907,0.6795,0.1907,0.4375,0.6795
Ramchandra Puram,17.378452,78.447775,6.729,70,Ramachandrapuram Police Station,0.5977564102564102,6,22.29,HIGH,0.5978,0.0897,0.2131,0.0353,0.2131,0.5978,0.0353
Saidabad,17.676961,78.467221,5.043,90,Saidabad Police Station,0.5977564102564102,17,43.97,MEDIUM,0.5978,0.4487,0.3782,0.2724,0.3782,0.5978,0.2724
Lakdi Ka Pul,17.680484,78.487743,5.43,54,Saifabad Police Station,0.2580128205128205,26,27.66,HIGH,0.258,0.3397,0.1266,0.5112,0.1266,0.258,0.5112
Punjagutta,17.578921,78.36329,3.873,169,Punjagutta Police Station,0.5977564102564102,16,68.77,LOW,0.5978,0.7372,0.8301,0.242,0.8301,0.5978,0.242
Cherlapally,17.396265,78.679704,3.72,32,Charlapally Police Station,0.9278846153846154,23,54.26,MEDIUM,0.9279,0.7532,0.0385,0.4423,0.0385,0.9279,0.4423
Gandhi Nagar,17.233849,78.600132,5.456,186,Gandhinagar Police Station,0.7644230769230769,49,62.34,LOW,0.7644,0.3237,0.8494,0.8622,0.8494,0.7644,0.8622
Manchirevula,17.634508,78.352169,4.45,103,Narsingi Police Station,0.1330128205128205,38,48.03,MEDIUM,0.133,0.5962,0.4551,0.7869,0.4551,0.133,0.7869
Hyderguda,17.247569,78.507122,6.555,71,Narayanguda Police Station,0.7644230769230769,7,26.89,HIGH,0.7644,0.1058,0.2244,0.0641,0.2244,0.7644,0.0641
Anandbagh,17.490648,78.646446,7.557,92,Malkajgiri Police Station,0.4375,11,22.58,HIGH,0.4375,0.016,0.391,0.1458,0.391,0.4375,0.1458
Turkayamjal,17.565192,78.252368,5.526,51,Adibatla Police Station,0.5977564102564102,23,31.78,HIGH,0.5978,0.3045,0.1074,0.4423,0.1074,0.5978,0.4423
Kushaiguda,17.538382,78.479201,4.295,240,Kushaiguda Police Station,0.2580128205128205,23,61.54,LOW,0.258,0.6282,0.8942,0.4423,0.8942,0.258,0.4423
Bowrampet,17.498485,78.245917,5.159,166,Dundigal Police Station,0.0929487179487179,12,43.96,MEDIUM,0.0929,0.399,0.8173,0.1619,0.8173,0.0929,0.1619
Velimela,17.357429,78.741317,4.498,125,BDL Bhanur Police Station,0.1330128205128205,33,51.15,MEDIUM,0.133,0.5833,0.6122,0.6795,0.6122,0.133,0.6795
Jeedimetla,17.472842,78.344624,5.288,271,Jeedimetla Police Station,0.2580128205128205,55,57.16,MEDIUM,0.258,0.3718,0.9391,0.8958,0.9391,0.258,0.8958
Upperpally,17.658791,78.424289,7.238,113,Rajendranagar Police Station,0.016025641025641,23,21.47,HIGH,0.016,0.0288,0.5192,0.4423,0.5192,0.016,0.4423
Nandigama,17.167022,78.305901,4.886,114,Patancheru Police Station,0.0560897435897435,41,44.94,MEDIUM,0.0561,0.4904,0.5337,0.8189,0.5337,0.0561,0.8189
Musheerabad,17.43865,78.617063,4.162,257,Musheerabad Police Station,0.7644230769230769,60,78.25,LOW,0.7644,0.6571,0.9183,0.9135,0.9183,0.7644,0.9135
Balapur,17.12314,78.433688,3.12,69,Balapur Police Station,0.9278846153846154,5,59.18,MEDIUM,0.9279,0.859,0.2051,0.0112,0.2051,0.9279,0.0112
Chikkadapally,17.695691,78.713217,7.131,52,Chikkadpally Police Station,0.7644230769230769,10,21.47,HIGH,0.7644,0.0353,0.117,0.1266,0.117,0.7644,0.1266
Ramakrishnapuram,17.596631,78.348912,3.93,230,Neredmet Police Station,0.2580128205128205,45,68.38,LOW,0.258,0.7115,0.8782,0.8413,0.8782,0.258,0.8413
Gurram Guda,17.607442,78.538355,4.096,71,Meerpet Police Station,0.4375,35,49.58,MEDIUM,0.4375,0.6731,0.2244,0.7179,0.2244,0.4375,0.7179
Vijayawada Highway,17.755304,78.433365,4.011,158,Hayathnagar Police Station,0.1330128205128205,16,56.27,MEDIUM,0.133,0.6859,0.7917,0.242,0.7917,0.133,0.242
Hasmathpet,17.449031,78.551607,7.449,123,Bowenpally Police Station,0.5977564102564102,9,31.41,HIGH,0.5978,0.0192,0.5881,0.1042,0.5881,0.5978,0.1042
New Nallakunta,17.462924,78.357604,5.575,145,Nallakunta Police Station,0.5977564102564102,34,52.53,MEDIUM,0.5978,0.2949,0.726,0.7003,0.726,0.5978,0.7003
Karmanghat,17.352702,78.421062,4.839,37,Saroornagar Police Station,0.5977564102564102,31,39.71,MEDIUM,0.5978,0.5,0.0481,0.6314,0.0481,0.5978,0.6314
Yousufguda,17.355827,78.406918,6.873,100,Jubilee Hills Police Station,0.7644230769230769,32,37.96,MEDIUM,0.7644,0.0737,0.4391,0.6554,0.4391,0.7644,0.6554
Basheerbagh,17.28968,78.622468,5.333,264,Saifabad Police Station,0.2580128205128205,31,54.2,MEDIUM,0.258,0.3686,0.9327,0.6314,0.9327,0.258,0.6314
Meerpet,17.213046,78.349858,5.112,233,Meerpet Police Station,0.4375,49,60.71,LOW,0.4375,0.4199,0.8846,0.8622,0.8846,0.4375,0.8622
Nampally,17.367262,78.503273,4.788,106,Nampally Police Station,0.9278846153846154,25,58.3,MEDIUM,0.9279,0.5144,0.476,0.4888,0.476,0.9279,0.4888
Isnapur,17.523963,78.270936,4.148,132,Patancheru Police Station,0.0560897435897435,21,50.83,MEDIUM,0.0561,0.6603,0.6522,0.3734,0.6522,0.0561,0.3734
Film Nagar,17.252763,78.396848,6.286,86,Banjara Hills Police Station,0.7644230769230769,27,37.13,MEDIUM,0.7644,0.1571,0.3397,0.5369,0.3397,0.7644,0.5369
Raikal,17.276249,78.372238,5.102,158,Shadnagar Police Station,0.7644230769230769,20,59.74,MEDIUM,0.7644,0.4311,0.7917,0.3462,0.7917,0.7644,0.3462
Kowkur,17.55933,78.517924,5.65,154,Jawaharnagar Police Station,0.4375,25,47.61,MEDIUM,0.4375,0.2724,0.7692,0.4888,0.7692,0.4375,0.4888
Lalapet,17.474831,78.439036,5.21,136,Lallaguda Police Station,0.4375,21,48.21,MEDIUM,0.4375,0.3846,0.6779,0.3734,0.6779,0.4375,0.3734
Upparpally,17.609001,78.747857,2.434,107,Rajendranagar Police Station,0.016025641025641,5,52.98,MEDIUM,0.016,0.9519,0.4824,0.0112,0.4824,0.016,0.0112
Patancheru-Shankarpalli Road,17.169094,78.647615,5.891,84,Patancheru Police Station,0.0560897435897435,7,20.75,HIGH,0.0561,0.2308,0.3253,0.0641,0.3253,0.0561,0.0641
Kandukur,17.662223,78.460667,6.394,82,Kandukur Police Station,0.4375,19,26.59,HIGH,0.4375,0.1314,0.3125,0.3205,0.3125,0.4375,0.3205
Sangareddy,17.807921,78.158909,5.834,14,Sangareddy Town Police Station,0.9278846153846154,37,36.22,MEDIUM,0.9279,0.2468,0.0048,0.7644,0.0048,0.9279,0.7644
Chevalla,17.672494,78.4572,2.843,205,Chevalla Police Station,0.9278846153846154,37,88.48,LOW,0.9279,0.9103,0.8622,0.7644,0.8622,0.9279,0.7644
Manneguda,17.41231,78.624488,5.894,68,Hayathnagar Police Station,0.1330128205128205,48,26.23,HIGH,0.133,0.2276,0.1971,0.8558,0.1971,0.133,0.8558
Almasguda,17.484746,78.498339,6.297,104,Meerpet Police Station,0.4375,21,32.53,HIGH,0.4375,0.1538,0.4631,0.3734,0.4631,0.4375,0.3734
Bandlaguda - Nagole,17.56593,78.594217,5.47,60,Nagole Police Station,0.7644230769230769,32,39.09,MEDIUM,0.7644,0.3205,0.1474,0.6554,0.1474,0.7644,0.6554
Gandipet,17.47088,78.300698,4.682,161,Narsingi Police Station,0.1330128205128205,11,49.5,MEDIUM,0.133,0.5288,0.8077,0.1458,0.8077,0.133,0.1458
BN Reddy Nagar,17.275462,78.420014,5.72,157,Vanasthalipuram Police Station,0.5977564102564102,8,46.86,MEDIUM,0.5978,0.266,0.7804,0.0849,0.7804,0.5978,0.0849
Narayanguda,17.670321,78.495215,4.568,272,Narayanguda Police Station,0.7644230769230769,66,75.5,LOW,0.7644,0.5641,0.9423,0.9375,0.9423,0.7644,0.9375
Mansoorabad,17.196688,78.541649,5.079,63,LB Nagar Police Station,0.2580128205128205,29,33.75,HIGH,0.258,0.4407,0.1715,0.5817,0.1715,0.258,0.5817
Bhuvanagiri,17.432179,78.894321,5.116,94,Bhongir Town Police Station,0.7644230769230769,25,49.07,MEDIUM,0.7644,0.4135,0.4119,0.4888,0.4119,0.7644,0.4888
Gudimalkapur,17.232885,78.503716,6.38,140,Asif Nagar Police Station,0.9278846153846154,32,51.73,MEDIUM,0.9279,0.1378,0.7035,0.6554,0.7035,0.9279,0.6554
Ramoji Film City,17.541121,78.245842,7.117,126,Hayathnagar Police Station,0.1330128205128205,29,28.57,HIGH,0.133,0.0385,0.6186,0.5817,0.6186,0.133,0.5817
Maruti Nagar,17.517013,78.333783,8.042,79,Saroornagar Police Station,0.5977564102564102,37,28.21,HIGH,0.5978,0.0,0.2869,0.7644,0.2869,0.5978,0.7644
Domalguda,17.219651,78.475101,5.432,81,Chikkadpally Police Station,0.7644230769230769,21,41.62,MEDIUM,0.7644,0.3365,0.3045,0.3734,0.3045,0.7644,0.3734
Hastinapuram,17.463701,78.30326,3.09,289,Vanasthalipuram Police Station,0.5977564102564102,21,79.09,LOW,0.5978,0.8686,0.9551,0.3734,0.9551,0.5978,0.3734
Champapet,17.337894,78.600178,4.131,145,Saidabad Police Station,0.5977564102564102,23,64.7,LOW,0.5978,0.6635,0.726,0.4423,0.726,0.5978,0.4423
Patighanpur,17.518197,78.287404,4.906,66,BDL Bhanur Police Station,0.1330128205128205,11,29.13,HIGH,0.133,0.4872,0.1843,0.1458,0.1843,0.133,0.1458
Keesara,17.563287,78.775944,3.385,135,Keesara Police Station,0.2580128205128205,35,65.56,LOW,0.258,0.8269,0.6715,0.7179,0.6715,0.258,0.7179
Mehadipatnam,17.321459,78.337973,3.343,92,Mehdipatnam Police Station,0.7644230769230769,17,63.08,LOW,0.7644,0.8333,0.391,0.2724,0.391,0.7644,0.2724
Karkhana,17.409238,78.548362,5.604,158,Karkhana Police Station,0.5977564102564102,8,47.96,MEDIUM,0.5978,0.2853,0.7917,0.0849,0.7917,0.5978,0.0849
Santosh Nagar,17.411207,78.529907,4.832,89,Santoshnagar Police Station,0.7644230769230769,28,52.2,MEDIUM,0.7644,0.5032,0.3734,0.5577,0.3734,0.7644,0.5577
Sitaphalmandi,17.588923,78.601121,3.929,95,Chilakalguda Police Station,0.2580128205128205,9,47.39,MEDIUM,0.258,0.7147,0.4199,0.1042,0.4199,0.258,0.1042
Nadergul,17.206434,78.665412,4.924,73,Pahadi Shareef Police Station,0.2580128205128205,15,33.83,HIGH,0.258,0.4776,0.2452,0.2212,0.2452,0.258,0.2212
Shamshabad Road,17.665986,78.479153,5.648,86,Shamshabad Police Station,0.5977564102564102,31,39.49,MEDIUM,0.5978,0.2756,0.3397,0.6314,0.3397,0.5978,0.6314
Pet Basheerabad,17.122379,78.521884,3.438,109,Petbasheerabad Police Station,0.2580128205128205,36,59.71,MEDIUM,0.258,0.8109,0.4904,0.7404,0.4904,0.258,0.7404
Bhoiguda,17.635341,78.513698,5.159,114,Chilakalguda Police Station,0.2580128205128205,34,44.13,MEDIUM,0.258,0.399,0.5337,0.7003,0.5337,0.258,0.7003
Gundlapochampally,17.481896,78.683481,7.173,134,Petbasheerabad Police Station,0.2580128205128205,37,33.99,HIGH,0.258,0.0321,0.6635,0.7644,0.6635,0.258,0.7644
Rai Durg,17.237164,78.304154,3.712,93,Raidurgam Police Station,0.7644230769230769,31,63.93,LOW,0.7644,0.7564,0.4022,0.6314,0.4022,0.7644,0.6314
Chandrayanagutta,17.233638,78.548396,2.404,262,Chandrayangutta Police Station,0.7644230769230769,40,89.57,LOW,0.7644,0.9583,0.9295,0.8061,0.9295,0.7644,0.8061
Gagillapur,17.165312,78.415739,3.423,70,Dundigal Police Station,0.0929487179487179,9,41.86,MEDIUM,0.0929,0.8141,0.2131,0.1042,0.2131,0.0929,0.1042
Erragadda,17.518598,78.344627,6.521,66,Sanathnagar Police Station,0.5977564102564102,41,30.16,HIGH,0.5978,0.1122,0.1843,0.8189,0.1843,0.5978,0.8189
Rajeev Nagar,17.434362,78.293909,3.123,111,SR Nagar Police Station,0.0560897435897435,19,53.65,MEDIUM,0.0561,0.8558,0.5032,0.3205,0.5032,0.0561,0.3205
Moosarambagh,17.216045,78.612879,3.689,14,Malakpet Police Station,0.4375,27,44.78,MEDIUM,0.4375,0.7628,0.0048,0.5369,0.0048,0.4375,0.5369
Prashanth Nagar,17.428031,78.393245,5.86,78,Kukatpally Police Station,0.4375,22,30.8,HIGH,0.4375,0.242,0.2756,0.4103,0.2756,0.4375,0.4103
Thimmapur,17.584332,78.573747,6.593,71,Kothur Police Station,0.7644230769230769,18,29.1,HIGH,0.7644,0.1026,0.2244,0.2981,0.2244,0.7644,0.2981
Koti,17.505129,78.641977,4.653,73,Koti Police Station,0.9278846153846154,10,48.59,MEDIUM,0.9279,0.5353,0.2452,0.1266,0.2452,0.9279,0.1266
Suraram,17.54383,78.318674,4.599,126,Dundigal Police Station,0.0929487179487179,25,47.48,MEDIUM,0.0929,0.5545,0.6186,0.4888,0.6186,0.0929,0.4888
Gunrock Enclave,17.656987,78.274459,4.627,47,Karkhana Police Station,0.5977564102564102,7,37.36,MEDIUM,0.5978,0.5481,0.0946,0.0641,0.0946,0.5978,0.0641
Golkonda,17.382932,78.515318,5.334,88,Golconda Police Station,0.4375,22,38.32,MEDIUM,0.4375,0.3638,0.3638,0.4103,0.3638,0.4375,0.4103
Qutub Shahi Tombs,17.389563,78.395482,6.914,138,Golconda Police Station,0.4375,28,37.52,MEDIUM,0.4375,0.0641,0.6875,0.5577,0.6875,0.4375,0.5577
Peerancheru,17.68306,78.511059,5.477,219,Rajendranagar Police Station,0.016025641025641,69,48.43,MEDIUM,0.016,0.3141,0.8686,0.9487,0.8686,0.016,0.9487
New Mallepally,17.430507,78.453308,7.579,35,Habeebnagar Police Station,0.9278846153846154,26,25.4,HIGH,0.9279,0.0096,0.0449,0.5112,0.0449,0.9279,0.5112
Adikmet,17.63147,78.422177,5.983,42,Nallakunta Police Station,0.5977564102564102,22,26.28,HIGH,0.5978,0.2051,0.0673,0.4103,0.0673,0.5978,0.4103
Sivarampalli,17.1587,78.540893,4.372,126,Rajendranagar Police Station,0.016025641025641,24,48.03,MEDIUM,0.016,0.6122,0.6186,0.4663,0.6186,0.016,0.4663
Ram Nagar,17.559277,78.54182,3.414,154,Musheerabad Police Station,0.7644230769230769,19,74.52,LOW,0.7644,0.8237,0.7692,0.3205,0.7692,0.7644,0.3205
New Malakpet,17.632487,78.475654,4.275,275,Malakpet Police Station,0.4375,41,70.95,LOW,0.4375,0.641,0.9455,0.8189,0.9455,0.4375,0.8189
Falaknuma,17.182927,78.372042,5.958,120,Falaknuma Police Station,0.7644230769230769,17,43.65,MEDIUM,0.7644,0.2083,0.5769,0.2724,0.5769,0.7644,0.2724
Pochampally,17.284525,78.553321,4.792,167,Bhuvanagiri Police Station,0.9278846153846154,24,68.27,LOW,0.9279,0.5096,0.8221,0.4663,0.8221,0.9279,0.4663
Muthangi,17.283932,78.553372,5.106,114,Patancheru Police Station,0.0560897435897435,20,37.64,MEDIUM,0.0561,0.4263,0.5337,0.3462,0.5337,0.0561,0.3462
Raj Bhavan Road,17.542861,78.289167,6.46,132,Punjagutta Police Station,0.5977564102564102,6,36.62,MEDIUM,0.5978,0.1186,0.6522,0.0353,0.6522,0.5978,0.0353
Katedan,17.477264,78.403201,6.436,165,Mailardevpally Police Station,0.7644230769230769,22,48.81,MEDIUM,0.7644,0.125,0.8141,0.4103,0.8141,0.7644,0.4103
Venkatapuram,17.145382,78.627145,2.796,250,Alwal Police Station,0.2580128205128205,56,77.72,LOW,0.258,0.9135,0.9006,0.9006,0.9006,0.258,0.9006
Budvel,17.457204,78.50971,5.628,259,Rajendranagar Police Station,0.016025641025641,21,43.03,MEDIUM,0.016,0.2821,0.9231,0.3734,0.9231,0.016,0.3734
Chintalkunta,17.497723,78.536522,6.885,148,LB Nagar Police Station,0.2580128205128205,17,33.21,HIGH,0.258,0.0705,0.75,0.2724,0.75,0.258,0.2724
Ramgopalpet,17.206784,78.469845,3.783,91,Ramgopalpet Police Station,0.9278846153846154,15,61.96,LOW,0.9279,0.7436,0.3814,0.2212,0.3814,0.9279,0.2212
Outer Ring Road,17.141987,78.562828,3.444,256,Shamshabad Police Station,0.5977564102564102,63,80.9,LOW,0.5978,0.8077,0.9135,0.9231,0.9135,0.5978,0.9231
NH-9 Highway,17.201618,78.380497,5.471,82,Hayathnagar Police Station,0.1330128205128205,30,30.8,HIGH,0.133,0.3173,0.3125,0.6074,0.3125,0.133,0.6074
Surya Nagar Colony,17.334159,78.592784,6.157,128,Alwal Police Station,0.2580128205128205,38,39.12,MEDIUM,0.258,0.1763,0.6346,0.7869,0.6346,0.258,0.7869
NH-7,17.627311,78.320431,4.504,146,Medchal Police Station,0.5977564102564102,40,65.38,LOW,0.5978,0.5801,0.7388,0.8061,0.7388,0.5978,0.8061
R.K.Puram,17.157211,78.55517,2.399,75,Neredmet Police Station,0.2580128205128205,15,53.62,MEDIUM,0.258,0.9615,0.2596,0.2212,0.2596,0.258,0.2212
Subhash Nagar,17.170608,78.66974,6.736,55,Jeedimetla Police Station,0.2580128205128205,29,18.43,HIGH,0.258,0.0865,0.133,0.5817,0.133,0.258,0.5817
Jalpally,17.140642,78.324055,5.35,105,Pahadi Shareef Police Station,0.2580128205128205,21,37.26,MEDIUM,0.258,0.3558,0.4712,0.3734,0.4712,0.258,0.3734
Nagarjuna Sagar Road,17.150614,78.617245,7.931,97,Ibrahimpatnam Police Station,0.2580128205128205,14,20.19,HIGH,0.258,0.0032,0.4295,0.2019,0.4295,0.258,0.2019
Kalasiguda,17.675394,78.311919,3.958,96,Gopalapuram Police Station,0.4375,10,50.79,MEDIUM,0.4375,0.7019,0.4231,0.1266,0.4231,0.4375,0.1266
Bahadurpura,17.675645,78.554806,2.344,251,Bahadurpura Police Station,0.9278846153846154,46,92.87,LOW,0.9279,0.9679,0.9038,0.8478,0.9038,0.9279,0.8478
Chowdhariguda,17.256743,78.30459,7.043,44,Ghatkesar Police Station,0.4375,6,13.43,HIGH,0.4375,0.0481,0.0801,0.0353,0.0801,0.4375,0.0353
Narsapur,17.142183,78.293304,6.225,150,Narsapur Police Station,0.9278846153846154,30,53.78,MEDIUM,0.9279,0.1603,0.758,0.6074,0.758,0.9279,0.6074
Hakimpet,17.293714,78.237265,6.791,79,Alwal Police Station,0.2580128205128205,17,19.7,HIGH,0.258,0.0801,0.2869,0.2724,0.2869,0.258,0.2724
Humayun Nagar,17.616691,78.540654,4.288,45,Humayun Nagar Police Station,0.7644230769230769,10,44.41,MEDIUM,0.7644,0.6314,0.0865,0.1266,0.0865,0.7644,0.1266
Moghalpura,17.268828,78.600873,5.334,131,Moghalpura Police Station,0.7644230769230769,19,52.42,MEDIUM,0.7644,0.3638,0.6458,0.3205,0.6458,0.7644,0.3205
Abdullapurmet,17.463173,78.697979,4.914,321,Abdullapurmet Police Station,0.9278846153846154,65,76.27,LOW,0.9279,0.484,0.9679,0.9311,0.9679,0.9279,0.9311
Lothkunta,17.65431,78.460223,3.128,40,Alwal Police Station,0.2580128205128205,16,43.56,MEDIUM,0.258,0.8526,0.0625,0.242,0.0625,0.258,0.242
Mylargada,17.133414,78.649026,4.558,122,Chilakalguda Police Station,0.2580128205128205,7,45.99,MEDIUM,0.258,0.5673,0.5833,0.0641,0.5833,0.258,0.0641
Dullapally,17.653867,78.452206,6.052,141,Petbasheerabad Police Station,0.2580128205128205,10,35.5,MEDIUM,0.258,0.1955,0.7083,0.1266,0.7083,0.258,0.1266
Neeladri Nagar,17.708994,78.420324,6.391,173,LB Nagar Police Station,0.2580128205128205,17,38.46,MEDIUM,0.258,0.1346,0.8397,0.2724,0.8397,0.258,0.2724
Kanchan Bagh,17.490637,78.727024,4.066,77,Kanchanbagh Police Station,0.9278846153846154,6,54.21,MEDIUM,0.9279,0.6795,0.2708,0.0353,0.2708,0.9279,0.0353
Saleem Nagar,17.636981,78.558149,2.993,80,Malakpet Police Station,0.4375,14,55.22,MEDIUM,0.4375,0.8878,0.2981,0.2019,0.2981,0.4375,0.2019
Kakaguda,17.715169,78.531005,5.504,97,Karkhana Police Station,0.5977564102564102,16,39.7,MEDIUM,0.5978,0.3109,0.4295,0.242,0.4295,0.5978,0.242
Pahadi Shareef,17.271463,78.598452,3.6,79,Pahadi Shareef Police Station,0.2580128205128205,16,47.34,MEDIUM,0.258,0.7788,0.2869,0.242,0.2869,0.258,0.242
Kongara Kalan,17.526963,78.560146,3.51,304,Adibatla Police Station,0.5977564102564102,50,81.6,LOW,0.5978,0.8013,0.9631,0.8702,0.9631,0.5978,0.8702
Indresham,17.69052,78.48774,5.545,86,Patancheru Police Station,0.0560897435897435,9,24.28,HIGH,0.0561,0.2981,0.3397,0.1042,0.3397,0.0561,0.1042
Riyasat Nagar,17.475201,78.650823,5.534,147,Santoshnagar Police Station,0.7644230769230769,54,58.53,MEDIUM,0.7644,0.3013,0.7436,0.8878,0.7436,0.7644,0.8878
Karwan,17.52392,78.276843,3.641,94,Kulsumpura Police Station,0.9278846153846154,11,63.27,LOW,0.9279,0.7724,0.4119,0.1458,0.4119,0.9279,0.1458
SD Road,17.67808,78.392486,3.255,237,Gopalapuram Police Station,0.4375,55,77.93,LOW,0.4375,0.8397,0.8878,0.8958,0.8878,0.4375,0.8958
Yakutpura,17.515823,78.592673,7.076,124,Rein Bazar Police Station,0.9278846153846154,28,43.96,MEDIUM,0.9279,0.0449,0.601,0.5577,0.601,0.9279,0.5577
Jawahar Nagar,17.704273,78.545336,5.953,167,Jawaharnagar Police Station,0.4375,22,46.11,MEDIUM,0.4375,0.2147,0.8221,0.4103,0.8221,0.4375,0.4103
Walker Town,17.578913,78.663987,2.722,204,Chilakalguda Police Station,0.2580128205128205,71,77.44,LOW,0.258,0.9231,0.859,0.9583,0.859,0.258,0.9583
Uppaguda,17.452993,78.554093,6.09,59,Chatrinaka Police Station,0.9278846153846154,8,31.17,HIGH,0.9279,0.1859,0.1442,0.0849,0.1442,0.9279,0.0849
Nawab Saheb Kunta,17.350492,78.712867,4.793,134,Falaknuma Police Station,0.7644230769230769,32,62.0,LOW,0.7644,0.5064,0.6635,0.6554,0.6635,0.7644,0.6554
Lallaguda,17.615812,78.602149,5.079,135,Lallaguda Police Station,0.4375,9,47.56,MEDIUM,0.4375,0.4407,0.6715,0.1042,0.6715,0.4375,0.1042
Vayupuri,17.209682,78.616445,4.415,162,Neredmet Police Station,0.2580128205128205,54,62.47,LOW,0.258,0.6026,0.8109,0.8878,0.8109,0.258,0.8878
Pavanpuri Colony,17.300275,78.367289,5.22,159,Sainikpuri Police Station,0.9278846153846154,42,66.19,LOW,0.9279,0.3814,0.8029,0.8285,0.8029,0.9279,0.8285
Lumbini Park,17.153665,78.399454,2.983,157,Saifabad Police Station,0.2580128205128205,27,69.58,LOW,0.258,0.891,0.7804,0.5369,0.7804,0.258,0.5369
Saifabad,17.540934,78.312824,3.697,124,Saifabad Police Station,0.2580128205128205,23,58.0,MEDIUM,0.258,0.7596,0.601,0.4423,0.601,0.258,0.4423
Narketpalli,17.643312,78.434083,5.024,62,Narketpally Police Station,0.9278846153846154,34,48.73,MEDIUM,0.9279,0.4615,0.1571,0.7003,0.1571,0.9279,0.7003
Burgul,17.659463,78.302422,4.419,232,Farooqnagar Police Station,0.7644230769230769,30,71.78,LOW,0.7644,0.5994,0.8814,0.6074,0.8814,0.7644,0.6074
Osman Sagar Road,17.098315,78.243413,5.339,169,Gandipet Police Station,0.9278846153846154,26,62.93,LOW,0.9279,0.359,0.8301,0.5112,0.8301,0.9279,0.5112
Vattepally,17.648221,78.512703,3.579,133,Mailardevpally Police Station,0.7644230769230769,18,69.52,LOW,0.7644,0.7885,0.6571,0.2981,0.6571,0.7644,0.2981
Zahirabad,17.496374,78.16184,3.136,140,Zaheerabad Town Police Station,0.9278846153846154,13,75.3,LOW,0.9279,0.8462,0.7035,0.1795,0.7035,0.9279,0.1795
Mazidpur,17.359699,78.241968,5.255,193,Shamirpet Police Station,0.4375,43,57.9,MEDIUM,0.4375,0.3782,0.8558,0.8349,0.8558,0.4375,0.8349
Sultanpur,17.619271,78.65733,4.601,155,BDL Bhanur Police Station,0.1330128205128205,24,52.64,MEDIUM,0.133,0.5513,0.7756,0.4663,0.7756,0.133,0.4663
Jam Bagh,17.521327,78.509727,4.582,145,Abids Police Station,0.7644230769230769,37,67.15,LOW,0.7644,0.5609,0.726,0.7644,0.726,0.7644,0.7644
Pulimamidi,17.394002,78.346198,6.32,107,Kandukur Police Station,0.4375,36,36.59,MEDIUM,0.4375,0.149,0.4824,0.7404,0.4824,0.4375,0.7404
Hanuman Nagar Colony,17.430024,78.326411,5.093,111,Malkajgiri Police Station,0.4375,33,48.08,MEDIUM,0.4375,0.4359,0.5032,0.6795,0.5032,0.4375,0.6795
Medak Road,17.273981,78.263479,7.559,131,Medchal Police Station,0.5977564102564102,17,34.57,HIGH,0.5978,0.0128,0.6458,0.2724,0.6458,0.5978,0.2724
Adarsh Nagar,17.551231,78.300571,2.865,102,Saifabad Police Station,0.2580128205128205,7,55.54,MEDIUM,0.258,0.9071,0.4487,0.0641,0.4487,0.258,0.0641
Dayara,17.57961,78.701452,5.036,139,Keesara Police Station,0.2580128205128205,37,51.75,MEDIUM,0.258,0.4519,0.6955,0.7644,0.6955,0.258,0.7644
Sheriguda,17.1606,78.299871,2.976,252,Ibrahimpatnam Police Station,0.2580128205128205,45,76.55,LOW,0.258,0.8942,0.9071,0.8413,0.9071,0.258,0.8413
Rendlagadda,17.171363,78.441834,5.86,154,Keesara Police Station,0.2580128205128205,46,46.39,MEDIUM,0.258,0.242,0.7692,0.8478,0.7692,0.258,0.8478
Majarguda,17.369558,78.495141,4.117,124,Shamirpet Police Station,0.4375,58,62.53,LOW,0.4375,0.6667,0.601,0.9087,0.601,0.4375,0.9087
Gulshan-e-Iqbal Colony,17.256038,78.536409,5.025,87,Chandrayangutta Police Station,0.7644230769230769,24,48.86,MEDIUM,0.7644,0.4583,0.3526,0.4663,0.3526,0.7644,0.4663
Lal Darwaza,17.525098,78.629044,4.651,113,Moghalpura Police Station,0.7644230769230769,10,53.67,MEDIUM,0.7644,0.5385,0.5192,0.1266,0.5192,0.7644,0.1266
Tupran,17.375891,78.568242,4.788,56,Toopran Police Station,0.7644230769230769,17,42.72,MEDIUM,0.7644,0.5144,0.1378,0.2724,0.1378,0.7644,0.2724
Bairagiguda,17.56699,78.396419,6.216,94,Narsingi Police Station,0.1330128205128205,35,28.73,HIGH,0.133,0.1635,0.4119,0.7179,0.4119,0.133,0.7179
Dhoolpet,17.659407,78.352827,3.015,15,Mangalhat Police Station,0.9278846153846154,6,54.46,MEDIUM,0.9279,0.8814,0.0096,0.0353,0.0096,0.9279,0.0353
Ghansi Bazar,17.252649,78.376882,4.452,98,Charminar Police Station,0.9278846153846154,38,63.22,LOW,0.9279,0.5929,0.4359,0.7869,0.4359,0.9279,0.7869
NTR Nagar,17.268199,78.608174,3.109,93,LB Nagar Police Station,0.2580128205128205,27,57.08,MEDIUM,0.258,0.8622,0.4022,0.5369,0.4022,0.258,0.5369
Rasoolpura,17.396089,78.479126,4.076,25,Begumpet Police Station,0.5977564102564102,15,41.65,MEDIUM,0.5978,0.6763,0.0144,0.2212,0.0144,0.5978,0.2212
Chintapallyguda,17.596117,78.551186,4.513,110,Ibrahimpatnam Police Station,0.2580128205128205,21,46.88,MEDIUM,0.258,0.5769,0.4968,0.3734,0.4968,0.258,0.3734
Venkat Reddy Colony,17.372469,78.476398,6.086,38,Ramanthapur Police Station,0.9278846153846154,20,31.17,HIGH,0.9279,0.1891,0.0529,0.3462,0.0529,0.9279,0.3462
Jeera,17.370872,78.349115,3.946,87,Gopalapuram Police Station,0.4375,16,50.08,MEDIUM,0.4375,0.7083,0.3526,0.242,0.3526,0.4375,0.242
Shahbad,17.460423,78.542639,3.648,62,Shahbad Police Station,0.9278846153846154,36,61.44,LOW,0.9279,0.7692,0.1571,0.7404,0.1571,0.9279,0.7404
Dasarlapally,17.498132,78.398242,4.584,71,Kandukur Police Station,0.4375,31,44.1,MEDIUM,0.4375,0.5577,0.2244,0.6314,0.2244,0.4375,0.6314
Shameerpet,17.394626,78.241762,4.869,291,Shamirpet Police Station,0.4375,80,66.96,LOW,0.4375,0.4936,0.9583,0.9712,0.9583,0.4375,0.9712
Sindhi Colony,17.605732,78.512063,3.9,130,Begumpet Police Station,0.5977564102564102,14,62.31,LOW,0.5978,0.7276,0.641,0.2019,0.641,0.5978,0.2019
Siddhartha Nagar,17.507793,78.683907,6.149,115,SR Nagar Police Station,0.0560897435897435,18,27.68,HIGH,0.0561,0.1795,0.5465,0.2981,0.5465,0.0561,0.2981
Edulanagulapalle,17.660869,78.501674,1.866,283,BDL Bhanur Police Station,0.1330128205128205,70,80.62,LOW,0.133,0.9968,0.9519,0.9535,0.9519,0.133,0.9535
Rani Gunj,17.625243,78.569128,5.436,27,Gopalapuram Police Station,0.4375,37,30.29,HIGH,0.4375,0.3269,0.0272,0.7644,0.0272,0.4375,0.7644
Afzal Gunj,17.306128,78.558906,6.4,151,Afzalgunj Police Station,0.9278846153846154,39,54.55,MEDIUM,0.9279,0.1282,0.7628,0.7981,0.7628,0.9279,0.7981
Kazipally,17.412577,78.568948,6.014,92,Balanagar Police Station,0.7644230769230769,35,42.28,MEDIUM,0.7644,0.2019,0.391,0.7179,0.391,0.7644,0.7179
Moti Ganpur,17.331112,78.535707,4.278,124,Patancheru Police Station,0.0560897435897435,41,52.85,MEDIUM,0.0561,0.6378,0.601,0.8189,0.601,0.0561,0.8189
Maisireddipalle,17.288,78.26167,4.456,92,Toopran Police Station,0.7644230769230769,13,52.28,MEDIUM,0.7644,0.5865,0.391,0.1795,0.391,0.7644,0.1795
Mirkhanpet,17.209646,78.491256,5.639,261,Kandukur Police Station,0.4375,49,56.31,MEDIUM,0.4375,0.2788,0.9263,0.8622,0.9263,0.4375,0.8622
Ravulapalle Khurd,17.385398,78.678461,3.207,25,Farooqnagar Police Station,0.7644230769230769,33,56.23,MEDIUM,0.7644,0.8429,0.0144,0.6795,0.0144,0.7644,0.6795
Tulekhurd,17.597671,78.697101,3.985,51,Ibrahimpatnam Police Station,0.2580128205128205,19,39.54,MEDIUM,0.258,0.6987,0.1074,0.3205,0.1074,0.258,0.3205
Toroor,17.223799,78.682291,4.689,124,Hayathnagar Police Station,0.1330128205128205,50,50.42,MEDIUM,0.133,0.5256,0.601,0.8702,0.601,0.133,0.8702
Kurmaguda,17.301241,78.260513,3.378,180,Saidabad Police Station,0.5977564102564102,73,80.16,LOW,0.5978,0.8301,0.8462,0.9615,0.8462,0.5978,0.9615
Seetharampally,17.663423,78.623901,5.595,174,Moinabad Police Station,0.5977564102564102,79,58.46,MEDIUM,0.5978,0.2885,0.8429,0.9679,0.8429,0.5978,0.9679
Bogaram,17.235077,78.463517,5.102,106,Keesara Police Station,0.2580128205128205,5,36.79,MEDIUM,0.258,0.4311,0.476,0.0112,0.476,0.258,0.0112
