OBJECTID,Location_Name,Area_Name,Property_Type,Official_Name,Ward_No,Longitude,Latitude,longitude,latitude
1,Balfour Crossing,BADFONTEIN 438-IR,Farm,BADFONTEIN 438-IR,1.0,28.10686800025988,-26.703133999806937,28.106868000259876,-26.703133999806948
2,Goeiehoek Silos,BOSCHKOP 426-IR,Farm,BOSCHKOP 426-IR,1.0,28.11093299986251,-26.65897300023453,28.11093299986251,-26.65897300023453
3,R42 Goeiehoek,BOSCHKOP 426-IR,Farm,BOSCHKOP 426-IR,13.0,28.077453999649155,-26.629734999600796,28.07745399964915,-26.62973499960082
4,R42 Groendenne,MOOILANDE AH,Holding,MOOILANDE AGRICULTURAL HOLDINGS,1.0,28.05812200033753,-26.636523999847807,28.058122000337526,-26.63652399984781
5,R42 Veld & Vlei,HOMELANDS AH,Holding,HOMELANDS AGRICULTURAL HOLDINGS,4.0,28.03138900028724,-26.64481100028511,28.03138900028724,-26.644811000285117
6,McFarlane & Brockett,RISIVILLE,Township,RISIVILLE TOWNSHIP,2.0,27.970910999951847,-26.644547999983505,27.970910999951847,-26.6445479999835
7,Gardner & Brockett,RISIVILLE,Township,RISIVILLE TOWNSHIP,2.0,27.97733200008011,-26.635494999627582,27.97733200008011,-26.63549499962759
8,Boltonwold,HOMELANDS AH,Holding,HOMELANDS AGRICULTURAL HOLDINGS,4.0,28.027425999613403,-26.62904299993205,28.0274259996134,-26.629042999932043
9,Sauer & Donald,GLEN DONALD AH,Holding,GLEN DONALD AGRICULTURAL HOLDINGS,2.0,27.9896370001848,-26.61830199991569,27.989637000184793,-26.61830199991568
10,Donald - Biekie Bos,GLEN DONALD AH,Holding,GLEN DONALD AGRICULTURAL HOLDINGS,2.0,28.003535999734805,-26.6118799997639,28.0035359997348,-26.611879999763904
11,Chopin,RIETFONTEIN 364 IR,Farm,RIETFONTEIN 364-IR,15.0,28.07191099951033,-26.585798999963263,28.071910999510326,-26.585798999963263
12,Jim Fouche Bridge,RIVERSDALE,Township,RIVERSDALE,13.0,28.01622400016587,-26.58320900004351,28.016224000165867,-26.583209000043528
13,Corgi PTZ,RIETFONTEIN 364-IR,Farm,RIETFONTEIN 364-IR,9.0,28.013560999780204,-26.58090500020519,28.0135609997802,-26.5809050002052
14,Model Pierneef,KLIPRIVIER (KOOKRUS),Township,KLIPRIVIER TOWNSHIP,3.0,28.004132999820342,-26.587986999920258,28.004132999820342,-26.58798699992026
15,Rothdene Entrance,ROTHDENE,Township,ROTHDENE,3.0,27.990993999902603,-26.59594200026397,27.990993999902603,-26.59594200026397
16,Pierneef Rothdene,ROTHDENE,Township,ROTHDENE,3.0,27.990903999677403,-26.595957000179823,27.9909039996774,-26.595957000179833
17,Nett of Christ,HENLEY-ON-KLIP,Township,HENLEY ON KLIP,15.0,28.04557999970904,-26.540534000407003,28.04557999970904,-26.54053400040701
18,Henley drive,HIGHBURY,Township,HIGHBURY,4.0,28.044226299516477,-26.52214320038036,28.044226299516477,-26.522143200380345
19,Anette Cloete,HIGHBURY,Township,HIGHBURY,4.0,28.04549350041996,-26.5231692000776,28.04549350041996,-26.523169200077593
20,Eaton rd,WITKOPPIE 373-IR,Farm,WITKOPPIE 373-IR,4.0,28.078157999950275,-26.525082999635945,28.078157999950278,-26.52508299963594
21,Greenvalley,GREEN VALLEY 154-IR,Farm,GREEN VALLEY 154-IR,4.0,28.119176000233256,-26.45773999992896,28.119176000233256,-26.45773999992896
22,Tamboekiesfontein,BLEKSBOKLAAGTE 181-IR,Farm,BLESBOKLAAGTE 181-IR,4.0,28.158314000048865,-26.474431999551335,28.158314000048865,-26.474431999551314
23,R551 Kareekloof,WELVERDIEND 379-IR,Farm,WELVERDIEND 379-IR,4.0,28.162833999896897,-26.558941999919135,28.162833999896893,-26.558941999919128
24,R551 Hi-Performance,WELVERDIEND 379-IR,Farm,WELVERDIEND 379-IR,4.0,28.134982500201854,-26.558754400110885,28.134982500201858,-26.55875440011089
25,R42 Sterkfontein,STERKFONTEIN 424-IR,Farm,STERKFONTEIN 424-IR,4.0,28.176034000168727,-26.5891589999472,28.176034000168727,-26.58915899994721
26,PTZ Johan le Roux,MEYERTON FARMS,Township,MEYERTON FARMS,10.0,27.998439999963,-26.56005099973548,27.998439999963,-26.56005099973548
27,Johan le Roux,MEYERTON FARMS,Township,MEYERTON FARMS,10.0,27.99871299975029,-26.560315999752962,27.998712999750293,-26.560315999752962
28,Johan le Roux,MEYERTON FARMS,Township,MEYERTON FARMS,10.0,27.998447999956166,-26.56048200035807,27.99844799995617,-26.56048200035808
29,R557 Kroonarend,WITKOP 180-IR,Farm,WITKOP 180-IR,12.0,28.060946000321735,-26.491067999924535,28.06094600032174,-26.491067999924535
30,R557 Tontelbos,VLAKLAAGTE 178-IR,Farm,VLAKLAAGTE 178-IR,5.0,28.031540999751385,-26.490505999897316,28.03154099975139,-26.490505999897326
31,Walkerville Spar,WALKERVILLE AH,Holding,WALKERVILLE AGRICULTURAL HOLDINGS,7.0,27.957000999555596,-26.419087000013256,27.957000999555596,-26.419087000013246
32,Grasmere,FAROASFONTEIN 372-IQ,Farm,FAROASFONTEIN 372-IQ,5.0,27.94055800033475,-26.445616999712396,27.94055800033475,-26.445616999712406
33,Drumblade,DRUMBLADE AH,Holding,DRUMBLADE AGRICULTURAL HOLDINGS,5.0,28.03522300000634,-26.451098999770362,28.03522300000634,-26.451098999770366
34,R54 Vischgat,VLAKFONTEIN 466-IR,Farm,VLAKFONTEIN 466-IR,1.0,28.098405099888147,-26.747282199709684,28.098405099888147,-26.74728219970968
35,Deneysville Bridge,VAALBANK 476-IR,Farm,VAALBANK 476-IR,1.0,28.116546000317925,-26.87481999999391,28.116546000317925,-26.8748199999939
36,R54 Boschkop,BOSCHKOP 482-IR,Farm,BOSCHKOP 482-IR,,28.31421799982728,-26.869283999603102,28.314217999827278,-26.86928399960312
37,R51 Bloekomspruit,KLEINFONTEIN 446-IR,Farm,KLEINFONTEIN 446-IR,1.0,28.38980899974056,-26.742496000123065,28.389808999740563,-26.742496000123086
38,Anchovy,VAALMARINA HOLIDAY (PROPER),Township,VAALMARINA HOLIDAY TOWNSHIP,1.0,28.23275399999729,-26.86891299956777,28.232753999997296,-26.868912999567787
39,Bass rd,VAALMARINA HOLIDAY (PROPER),Township,VAALMARINA HOLIDAY TOWNSHIP,1.0,28.23229300037829,-26.87120400028871,28.232293000378288,-26.871204000288728
40,Guppy,VAALMARINA HOLIDAY (PROPER),Township,VAALMARINA HOLIDAY TOWNSHIP,1.0,28.237758999593655,-26.875118000242825,28.237758999593655,-26.875118000242807
41,Steenbras,VAALMARINA HOLIDAY (PROPER),Township,VAALMARINA HOLIDAY TOWNSHIP,1.0,28.223149000258072,-26.883065999649368,28.223149000258072,-26.883065999649368
42,Marine Letata,KOPPIESFONTEIN 478-IR,Farm,KOPPIESFONTEIN 478-IR,1.0,28.203829000029266,-26.87687700025591,28.20382900002927,-26.87687700025592
43,PTZ Meyer str,MEYERTON FARMS,Township,MEYERTON FARMS,9.0,28.02278160035579,-26.5352182003344,28.02278160035579,-26.535218200334413
44,Meyer str,RIETFONTEIN 364 IR,Farm,RIETFONTEIN 364-IR,14.0,28.02202700046547,-26.543453999692794,28.022027000465464,-26.543453999692805
45,Corrie Pypers,RIETFONTEIN 364 IR,Farm,RIETFONTEIN 364-IR,14.0,28.022059999813603,-26.543434999731765,28.022059999813607,-26.543434999731762
46,R551 Ewelme,SLANGFONTEIN 372-IR,Farm,SLANGFONTEIN 372-IR,15.0,28.06229199979089,-26.557317999594396,28.062291999790894,-26.557317999594396
47,Golfpark Mimosa,MEYERTON EXT 6,Township,MEYERTON EXTENSION 6,14.0,28.031689999654493,-26.55653499989926,28.031689999654493,-26.556534999899256
48,PTZ Sasol/Carvallo,MEYERTON,Township,MEYERTON,14.0,28.02474599969906,-26.55789200036524,28.02474599969906,-26.557892000365243
49,JLR Pierneef,MEYERTON EXT 4,Township,MEYERTON EXTENSION 4,14.0,28.019378300092793,-26.569483199781054,28.019378300092793,-26.569483199781065
50,PTZ Galloway,RIETFONTEIN 364-IR,Farm,RIETFONTEIN 364-IR,14.0,28.013969000333052,-26.56751899957546,28.013969000333056,-26.567518999575448
51,Loch Shoprite,MEYERTON,Township,MEYERTON,9.0,28.017727999927857,-26.55948800002317,28.01772799992786,-26.559488000023194
52,PTZ Spar,MEYERTON,Township,MEYERTON,9.0,28.015716999631387,-26.558664000368733,28.015716999631387,-26.558664000368726
53,PTZ Banks,MEYERTON,Township,MEYERTON,9.0,28.013377000072314,-26.557695000412465,28.013377000072314,-26.557695000412476
54,KFC,MEYERTON,Township,MEYERTON,9.0,28.010478000064033,-26.556722999584125,28.010478000064033,-26.55672299958413
55,Bokkie Delport,MEYERTON FARMS,Township,MEYERTON FARMS,10.0,27.981207500212655,-26.554009600449717,27.98120750021265,-26.55400960044972
56,LPR AG Visser,ROTHDENE,Township,ROTHDENE,3.0,27.996887999818476,-26.60234799983604,27.996887999818476,-26.602347999836056
57,Rabie,ROTHDENE,Township,ROTHDENE,3.0,27.98853099976935,-26.598144000396672,27.988530999769353,-26.598144000396665
58,Von Willich,ROTHDENE,Township,ROTHDENE,3.0,27.988515999818325,-26.598160000090168,27.988515999818322,-26.598160000090175
59,Dolly,ROTHDENE,Township,ROTHDENE,3.0,27.988504000016405,-26.59816600013378,27.988504000016405,-26.598166000133787
60,Dolly Eskom,ROTHDENE,Township,ROTHDENE,3.0,27.989060999588606,-26.600422000344942,27.989060999588606,-26.600422000344963
61,Danie Bezuidenhout,KLIPRIVIER (KOOKRUS),Township,KLIPRIVIER TOWNSHIP,3.0,27.994850999951375,-26.58671999991612,27.994850999951375,-26.586719999916117
62,Kookrus Trainstation,KLIPRIVIER (KOOKRUS),Township,KLIPRIVIER TOWNSHIP,3.0,27.994850999951375,-26.58671999991612,27.994850999951375,-26.586719999916117
63,Capt Hinden,KLIPRIVIER (KOOKRUS),Township,KLIPRIVIER TOWNSHIP,3.0,27.994850999951375,-26.58671999991612,27.994850999951375,-26.586719999916117
64,Sieg Kuscke,RIETFONTEIN 364-IR,Farm,RIETFONTEIN 364-IR,14.0,28.011611599714502,-26.571516200162826,28.011611599714502,-26.57151620016283
65,R549 Platkoppie,PLATKOPPIE 420-IR,Farm,PLATKOPPIE 420-IR,1.0,28.25117400002646,-26.665414000180625,28.251174000026463,-26.665414000180633
66,Lilly,RIETFONTEIN 364 IR,Farm,RIETFONTEIN 364-IR,14.0,28.013879000174352,-26.550867999923433,28.013879000174352,-26.550867999923437
67,R557 Walkerville,FAROASFONTEIN 372-IQ,Farm,FAROASFONTEIN 372-IQ,5.0,27.96206490036191,-26.42953499981139,27.96206490036191,-26.429534999811384
68,Highsite Raceway,RIVERSDALE,Township,RIVERSDALE,13.0,28.059926000117827,-26.610456000100502,28.05992600011783,-26.610456000100502
69,Blue Saddle,DRUMBLADE AH,Holding,DRUMBLADE AGRICULTURAL HOLDINGS,5.0,28.03523500045939,-26.451146000378632,28.03523500045939,-26.45114600037865
70,De Deur/Community,THE DE DEUR ESTATES LIMITED,Township,THE DE DEUR ESTATES LIMITED,11.0,27.93229900020188,-26.522679999583453,27.93229900020188,-26.522679999583463
71,R549 / R51,BLESBOKSPRUIT 465-IR,Farm,BLESBOKSPRUIT 465-IR,1.0,28.174165999606995,-26.73127899982153,28.174165999607,-26.731278999821516
72,Jim Fouche & Donald,KOOKFONTEIN 545-IQ,Farm,KOOKFONTEIN 545-IQ,13.0,28.025689000063856,-26.591172000378815,28.02568900006385,-26.59117200037882
73,R51 Klipkraal,GOEDGEDACHT 443-IR,Farm,GOEDGEDACHT 443-IR,1.0,28.284441800073083,-26.74407910038873,28.284441800073083,-26.744079100388724
74,Leeuspruit,,,Located outside of Midvaal,,28.326565000111277,-26.82016500015959,28.326565000111277,-26.820165000159587
75,R54 Tree Rivers,,,Located outside of Midvaal,,28.01254699987794,-26.6585343996,28.01254699987794,-26.658534399600004
76,R42 Three Rivers,WALDRIFT 599-IQ,Farm,WALDRIFT 599-IQ,2.0,28.005709999580137,-26.651425000182517,28.005709999580144,-26.65142500018252
77,Malanskraal,MODDERFONTEIN 410-IR,Farm,MODDERFONTEIN 410-IR,1.0,28.375804999794614,-26.646546999895474,28.375804999794614,-26.646546999895506
78,R54 Deneysville Crossing,HARTEBEESTFONTEIN 473-IR,Farm,HARTEBEESTFONTEIN 473-IR,1.0,28.14006430036837,-26.78763740008096,28.140064300368373,-26.787637400080964
79,R54 Balfour T-Junction,UITVLUCHT 434-IR,Farm,UITVLUCHT 434-IR,1.0,28.063336999519024,-26.703470000105813,28.06333699951902,-26.70347000010582
80,Boschkop Dirt Road,GROOTVLEI 453-IR,Farm,GROOTVLEI 453-IR,1.0,28.262392000389543,-26.825324000320524,28.26239200038955,-26.825324000320517
81,Schikfontein,STERKFONTEIN 424-IR,Farm,STERKFONTEIN 424-IR,4.0,28.219206100342447,-26.63632310001108,28.219206100342443,-26.63632310001108
82,R59 Klip. North,WATERVAL 150-IR,Farm,WATERVAL 150-IR,12.0,28.075423999725643,-26.417456999829813,28.075423999725643,-26.417456999829806
83,R59 Klip. South,WATERVAL 150-IR,Farm,WATERVAL 150-IR,,28.07924100029354,-26.417189999766652,28.079241000293543,-26.417189999766666
84,Broadlands-Malia,MEYERTON FARMS,Township,MEYERTON FARMS,9.0,28.01019599997334,-26.546082000008166,28.01019599997334,-26.546082000008173
85,Tongaat Joan rd,BLEKSBOKLAAGTE 181-IR,Farm,BLESBOKLAAGTE 181-IR,4.0,28.10746810046338,-26.482845199603805,28.10746810046338,-26.48284519960381
86,Fourways,,,Located outside of Midvaal,,28.002352799952902,-26.652599300003327,28.0023527999529,-26.652599300003345
87,Danie Mclean,ROTHDENE,Township,ROTHDENE,3.0,28.002251800335756,-26.605955599898238,28.002251800335756,-26.605955599898245
88,Corgi Circel,RIETFONTEIN 364-IR,Farm,RIETFONTEIN 364-IR,3.0,28.01360130023749,-26.58116060016318,28.013601300237486,-26.581160600163194
89,Elizabeth,NOOITGEDACHT 176-IR,Farm,NOOITGEDACHT 176-IR,5.0,28.01671560002873,-26.429049699746617,28.016715600028725,-26.429049699746624
90,Vischgat U-Turn,VISCHGAT 467-IR,Farm,VISCHGAT 467-IR,1.0,28.059208000475905,-26.807449399596116,28.05920800047591,-26.807449399596138
91,Winchester,HENLEY-ON-KLIP,Township,HENLEY ON KLIP,15.0,28.069411800072892,-26.531111899695222,28.069411800072892,-26.531111899695226
92,Vasco Henley,HIGHBURY,Township,HIGHBURY,4.0,28.063982900130522,-26.528780600371945,28.063982900130526,-26.52878060037195
93,The Hound,HENLEY-ON-KLIP,Township,HENLEY ON KLIP,15.0,28.06052710013898,-26.550557700082084,28.060527100138984,-26.55055770008211
94,Rooibok str,MEYERTON FARMS,Township,MEYERTON FARMS,9.0,28.01395855788858,-26.53790238199388,28.013958557888575,-26.53790238199388
95,Malia Bridge,MEYERTON FARMS,Township,MEYERTON FARMS,9.0,28.0093146492885,-26.545270743748418,28.0093146492885,-26.545270743748414
96,Barnlab Vischgat,PANFONTEIN 437-IR,Farm,PANFONTEIN 437-IR,1.0,28.034208699705168,-26.742445999703737,28.034208699705168,-26.742445999703744
97,Chicken Licken R82,THE DE DEUR ESTATES LIMITED,Township,THE DE DEUR ESTATES LIMITED,11.0,27.927584300441342,-26.519075700404684,27.927584300441342,-26.519075700404688
98,Leeulaagte rd,,,Located outside of Midvaal,,28.333996700085034,-26.852711499580387,28.333996700085038,-26.8527114995804
99,R549 Karan,,,Located outside of Midvaal,,28.32064300007266,-26.60881000034129,28.32064300007266,-26.608810000341286
100,Meyer 4 Way,MEYERTON FARMS,Township,MEYERTON FARMS,9.0,28.02257089987922,-26.53497250024461,28.02257089987922,-26.534972500244606
101,HS Goeiehoek,BOSCHKOP 426-IR,Farm,BOSCHKOP 426-IR,4.0,28.114255999881227,-26.657288700320876,28.11425599988123,-26.657288700320873
102,HS Vaalmarina,VAALVIEW 486-IR,Farm,VAALVIEW 486-IR,1.0,28.24522249994781,-26.861695499926743,28.24522249994781,-26.861695499926753
103,HS Platkoppie,,,Located outside of Midvaal,,28.223584699742503,-26.578786400039633,28.22358469974251,-26.578786400039643
104,HS Three Rivers,UITVLUCHT 434-IR,Farm,UITVLUCHT 434-IR,1.0,28.01461719960302,-26.653768099729287,28.014617199603023,-26.653768099729305
105,De Kuilen,STRYFONTEIN 477-IR,Farm,STRYFONTEIN 477-IR,1.0,28.228561199664792,-26.807909200209064,28.228561199664792,-26.807909200209085
106,R51 Klipskuur,GOEDGEDACHT 443-IR,Farm,GOEDGEDACHT 443-IR,1.0,28.283756399670857,-26.744098600354814,28.28375639967086,-26.74409860035482
107,Galloway,KLIPRIVIER (KOOKRUS),Township,KLIPRIVIER TOWNSHIP,3.0,28.007431799692654,-26.576359400061122,28.00743179969265,-26.576359400061115
108,HS Fire,RIETFONTEIN 364-IR,Farm,RIETFONTEIN 364-IR,14.0,28.01529259981087,-26.5672689002227,28.01529259981087,-26.567268900222707
109,Caltex JLR,NOLDICK,Township,NOLDICK TOWNSHIP,9.0,28.00198140033278,-26.562271700350657,28.001981400332784,-26.56227170035066
110,R59 JLR-N,MEYERTON FARMS,Township,MEYERTON FARMS,10.0,27.99921550046082,-26.56059620005671,27.999215500460817,-26.56059620005673
111,R59 JLR-S,MEYERTON FARMS,Township,MEYERTON FARMS,10.0,27.999458199525993,-26.560723300325478,27.999458199525993,-26.56072330032549
112,Walkerville Showground,HARTSENBERGFONTEIN 332-IQ,Farm,HARTSENBERGFONTEIN 332-IQ,7.0,27.964112299551786,-26.40542750035208,27.964112299551786,-26.405427500352083
113,Aloe Ridge,HARTSENBERGFONTEIN 332-IQ,Farm,HARTSENBERGFONTEIN 332-IQ,7.0,27.9573573998738,-26.378597899771012,27.957357399873796,-26.37859789977102
114,R82 Fairway,FAROASFONTEIN 372-IQ,Farm,FAROASFONTEIN 372-IQ,5.0,27.956033600295708,-26.436772500301544,27.956033600295704,-26.43677250030155
115,R82 Hazel,OHENIMURI,Township,OHENIMURI,5.0,27.953297599971755,-26.44206529971647,27.953297599971755,-26.44206529971647
116,HS Walkerville Manor,FAROASFONTEIN 372-IQ,Farm,FAROASFONTEIN 372-IQ,5.0,27.957697199981073,-26.441299600111233,27.957697199981073,-26.441299600111236
117,HS Walkerville,GOLF VIEW AH,Holding,GOLF VIEW AGRICULTURAL HOLDINGS,5.0,27.949029200087057,-26.430629900217944,27.949029200087057,-26.430629900217966
118,Total De Deur,FAROASFONTEIN 372-IQ,Farm,FAROASFONTEIN 372-IQ,5.0,27.935379099731037,-26.488115099717074,27.935379099731033,-26.48811509971709
119,HS Blue Saddles,NOOITGEDACHT 176-IR,Farm,NOOITGEDACHT 176-IR,12.0,28.03344240034289,-26.475368299845158,28.03344240034289,-26.47536829984515
120,HS Bokkie D,OPHIR AH,Holding,OPHIR AGRICULTURAL HOLDINGS,5.0,27.980790999915413,-26.553848800088446,27.98079099991541,-26.553848800088453
121,HS Brakfontein,BRAKFONTEIN 425-IR,Farm,BRAKFONTEIN 425-IR,4.0,28.14396369999306,-26.65293379997848,28.14396369999306,-26.6529337999785
122,HS Hi-Perf,WELVERDIEND 379-IR,Farm,WELVERDIEND 379-IR,4.0,28.13498099965532,-26.55681149958007,28.134980999655323,-26.556811499580068
123,R549 Deneysville Crossing,HARTEBEESTFONTEIN 473-IR,Farm,HARTEBEESTFONTEIN 473-IR,1.0,28.14010569977196,-26.78755260043138,28.140105699771965,-26.7875526004314
124,R54 Vishgat In,UITVLUCHT 434-IR,Farm,UITVLUCHT 434-IR,1.0,28.012665099528036,-26.658584100174327,28.01266509952804,-26.658584100174338
125,HS Rothdene,ROTHDENE,Township,ROTHDENE,3.0,27.991781400463537,-26.60171889992717,27.991781400463534,-26.60171889992718
126,HS Blougat,MCKAY 602-IQ,Farm,MACKAY 602-IQ,2.0,27.975912600433567,-26.621417999869713,27.975912600433563,-26.621417999869706
127,HS N. Leonard,THE FARM 464-IR,Farm,THE FARM 464-IR,1.0,28.21249809978658,-26.77927130004998,28.21249809978658,-26.779271300049974
128,HS Sicelo,OPHIR AH EXT 1,Holding,OPHIR EXTENSION 1 AGRICULTURAL HOLDINGS,5.0,27.998534200386764,-26.539061299563567,27.998534200386768,-26.53906129956355
129,De Deur SAPS,THE DE DEUR ESTATES LIMITED,Township,THE DE DEUR ESTATES LIMITED,11.0,27.90901189977432,-26.516385000288146,27.909011899774324,-26.516385000288142
130,Svannah Centre,SAVANNA CITY EXT 3,Township,SAVANNA CITY EXTENSION 3,11.0,27.904602499891194,-26.5078750002984,27.904602499891194,-26.507875000298412
131,Savannah 2,IRONSYDE AH,Holding,IRONSYDE AGRICULTURAL HOLDINGS,5.0,27.918623299508653,-26.4655829997748,27.918623299508653,-26.465582999774814
132,Bronk Drive,BRONKHORSTFONTEIN 329-IQ,Farm,BRONKHORSTFONTEIN 329-IQ,7.0,27.983841799864226,-26.36733520040672,27.983841799864226,-26.36733520040671
133,Sicelo Substation,OPHIR AH EXT 1,Holding,OPHIR EXTENSION 1 AGRICULTURAL HOLDINGS,5.0,27.998499899980118,-26.539002800304537,27.998499899980114,-26.539002800304527
134,Klipriver SAPS,WATERVAL 150-IR,Farm,WATERVAL 150-IR,12.0,28.08522519979176,-26.420222799924304,28.08522519979176,-26.420222799924307
135,AA Bakery,ELANDSFONTEIN 334-IQ,Farm,ELANDSFONTEIN 334-IQ,7.0,27.943396500291684,-26.366035999584067,27.943396500291684,-26.366035999584074
136,HS Platberg,ALEWYNSPOORT 145-IR,Farm,ALEWYNSPOORT 145-IR,7.0,28.002023500116728,-26.39065560001918,28.002023500116724,-26.39065560001918
137,Goeiehoek T,BOSCHKOP 426-IR,Farm,BOSCHKOP 426-IR,4.0,28.112553800265776,-26.644075900432,28.112553800265776,-26.644075900432004
138,R82 Bronk S,BRONKHORSTFONTEIN 329-IQ,Farm,BRONKHORSTFONTEIN 329-IQ,7.0,27.97936799999159,-26.366540000385083,27.97936799999159,-26.366540000385072
139,R 82 Bronk N,BRONKHORSTFONTEIN 329-IQ,Farm,BRONKHORSTFONTEIN 329-IQ,7.0,27.979188299691575,-26.366496799669925,27.979188299691575,-26.366496799669918
140,Lakeside Sport,LAKESIDE ESTATES EX1,Township,LAKESIDE ESTATES EXTENSION 1,11.0,27.88926340039591,-26.5066738001388,27.88926340039591,-26.506673800138813
141,Iberus,ALEWYNSPOORT 145-IR,Farm,ALEWYNSPOORT 145-IR,7.0,28.039290800008146,-26.347182300002633,28.039290800008146,-26.347182300002657
142,Point 143,,,Located outside of Midvaal,,27.992740100201978,-26.334526899577693,27.99274010020198,-26.33452689957768
143,R82 Astron,,,Located outside of Midvaal,,27.98485890001209,-26.34366090018877,27.98485890001209,-26.343660900188762
144,South rd De Deur,LANGKUIL 363-IR,Farm,LANGKUIL 363-IR,5.0,28.012173500449222,-26.50610760034283,28.012173500449222,-26.50610760034283
145,Raceway,RIVERSDALE,Township,RIVERSDALE,13.0,28.057044499858815,-26.618605200160985,28.05704449985881,-26.618605200160985
146,R550/K90 Thokosa,,,Located outside of Midvaal,,28.119576700258946,-26.41934480002306,28.119576700258946,-26.419344800023048
147,M61 Mpark,MEYERTON FARMS,Township,MEYERTON FARMS,9.0,28.029125200418957,-26.531710300445635,28.029125200418957,-26.53171030044565
148,Henley Lazer Fast,HIGHBURY,Township,HIGHBURY,9.0,28.04057980024393,-26.519624899918195,28.04057980024393,-26.51962489991822
149,R551 Gordon,SLANGFONTEIN 372-IR,Farm,SLANGFONTEIN 372-IR,15.0,28.06772870040849,-26.556496000427035,28.06772870040849,-26.55649600042702
