area,centroid_lat,centroid_lon,crime_rate_per_10k,cctv_count,police_station,police_coverage_score,amenity_count,safety_score,risk_level,police_score,crime_safety_score,cctv_score,amenity_score,cctv_safety_score,police_safety_score,public_place_safety_score,nearest_police_station,nearest_police_distance_km
Gachibowli,17.223953,78.357229,2.645,555,Gachibowli Police Station,0.11147664862750173,119,82.02,LOW,0.258,0.9327,0.9904,0.984,0.9904,0.258,0.984,"Out Post chandrayangutta PS

",15.940977098109425
Kondapur,17.549349,78.382752,3.687,385,Gachibowli Police Station,0.13016837477734008,155,75.1,LOW,0.258,0.766,0.9776,0.9968,0.9776,0.258,0.9968,Police Line Bowenpally & PS,13.364715150059347
Kukatpally,17.373652,78.65265,2.729,471,Kukatpally Police Station,0.12127473249598966,165,84.97,LOW,0.4375,0.9199,0.9808,1.0,0.9808,0.4375,1.0,Amberpet Police Station,14.49148143918715
Miyapur,17.341996,78.514133,2.451,774,Miyapur Police Station,0.6526163696203059,82,89.52,LOW,0.5978,0.9455,1.0,0.9744,1.0,0.5978,0.9744,"Pisal Banda PS(Old Santoshnagar PS)

",1.0645875480622806
Manikonda,17.199545,78.39167,4.674,515,Raidurgam Police Station,0.11283158550135754,106,75.9,LOW,0.7644,0.5321,0.984,0.9808,0.984,0.7644,0.9808,"Out Post chandrayangutta PS

",15.725533068716265
Hitech City,17.641101,78.466214,2.015,518,Madhapur Police Station,0.11885942339736348,75,87.63,LOW,0.4375,0.9904,0.9872,0.9647,0.9872,0.4375,0.9647,Bollarum PS,14.826600220949443
Madhapur,17.547651,78.262071,3.078,254,Madhapur Police Station,0.08963184471422923,150,80.87,LOW,0.4375,0.8718,0.9103,0.9936,0.9103,0.4375,0.9936,Jubilee Hills PS,20.31349813647756
Nallagandla,17.678214,78.553367,6.351,83,Chandanagar Police Station,0.09906055681044716,29,29.78,HIGH,0.4375,0.141,0.3189,0.5817,0.3189,0.4375,0.5817,Bollarum PS,18.189670484358466
Madinaguda,17.102511,78.516475,2.994,111,Miyapur Police Station,0.074602989820503,22,66.54,LOW,0.5978,0.8846,0.5032,0.4103,0.5032,0.5978,0.4103,"Out Post chandrayangutta PS

",24.808577039768238
Narsingi,17.399182,78.548228,5.947,73,Narsingi Police Station,0.3680490380405157,26,23.85,HIGH,0.133,0.2179,0.2452,0.5112,0.2452,0.133,0.5112,Amberpet old PS,3.4340584902706235
Chanda Nagar,17.421322,78.36681,3.723,325,Chandanagar Police Station,0.3027147062487357,65,77.2,LOW,0.4375,0.75,0.9712,0.9311,0.9712,0.4375,0.9311,Jubilee Hills PS,4.606880864111812
Appa Junction,17.664487,78.486959,4.338,304,Rajendranagar Police Station,0.10713175752672062,66,63.33,LOW,0.016,0.6186,0.9631,0.9375,0.9631,0.016,0.9375,Bollarum PS,16.668600666811273
Nizampet,17.701506,78.424703,2.947,52,Bachupally Police Station,0.08076593727876531,25,56.25,MEDIUM,0.5978,0.8974,0.117,0.4888,0.117,0.5978,0.4888,Bollarum PS,22.762914508092173
Banjara Hills,17.735365,78.507679,1.868,350,Banjara Hills Police Station,0.07627574398260388,90,94.04,LOW,0.7644,0.9936,0.9744,0.9776,0.9744,0.7644,0.9776,Bollarum PS,24.220655421678188
Secunderabad,17.18024,78.162902,4.408,81,Secunderabad Police Station,0.05438630272872374,36,59.33,MEDIUM,0.9279,0.6058,0.3045,0.7404,0.3045,0.9279,0.7404,Golconda PS,34.77396512824017
Begumpet,17.018421,78.60224,3.074,127,Begumpet Police Station,0.051978758200561255,21,69.55,LOW,0.5978,0.8766,0.6266,0.3734,0.6266,0.5978,0.3734,Chandrayangutta PS,36.47725627232096
Bachupally,17.70714,78.592468,5.433,55,Bachupally Police Station,0.08188926001822289,13,31.07,HIGH,0.5978,0.3333,0.133,0.1795,0.133,0.5978,0.1795,Bollarum PS,22.423227167456858
Kompally,17.60033,78.536343,2.922,238,Petbasheerabad Police Station,0.17630634828311967,70,77.45,LOW,0.258,0.9006,0.891,0.9535,0.891,0.258,0.9535,Bollarum PS,9.343891013999798
KPHB Colony,17.289556,78.52824,5.82,29,KPHB Police Station,0.2390747832036508,34,33.25,HIGH,0.7644,0.25,0.0321,0.7003,0.0321,0.7644,0.7003,"Pisal Banda PS(Old Santoshnagar PS)

",6.3655832421955685
Adibatla,17.196386,78.583349,4.966,64,Adibatla Police Station,0.0998309882847285,27,41.68,MEDIUM,0.5978,0.4744,0.1795,0.5369,0.1795,0.5978,0.5369,Chandrayangutta PS,18.033859569693824
Gajularamaram,17.337753,78.704216,4.527,145,Jeedimetla Police Station,0.08820295899679317,47,58.41,MEDIUM,0.258,0.5737,0.726,0.8526,0.726,0.258,0.8526,Amberpet Police Station,20.6749762451021
Hafeezpet,17.504688,78.428553,3.42,217,Miyapur Police Station,0.23752833596615933,61,79.86,LOW,0.5978,0.8189,0.8654,0.9183,0.8654,0.5978,0.9183,Police Line Bowenpally & PS,6.420048041278494
Pragathi Nagar,17.165037,78.468848,3.42,257,Bachupally Police Station,0.10354476309068766,40,80.32,LOW,0.5978,0.8189,0.9183,0.8061,0.9183,0.5978,0.8061,"Out Post chandrayangutta PS

",17.315317745701336
Gopanpally,17.635756,78.450198,4.453,136,Gachibowli Police Station,0.1174238948704732,12,50.71,MEDIUM,0.258,0.5897,0.6779,0.1619,0.6779,0.258,0.1619,Bollarum PS,15.032308476959827
Puppalaguda,17.44649,78.697742,5.144,73,Narsingi Police Station,0.09489745071748819,19,29.5,HIGH,0.133,0.4071,0.2452,0.3205,0.2452,0.133,0.3205,Tukaramgat PS,19.075381739748146
Shadnagar,17.25268,78.395404,3.918,79,Shadnagar Police Station,0.15624342785805714,22,56.97,MEDIUM,0.7644,0.7244,0.2869,0.4103,0.2869,0.7644,0.4103,"Out Post chandrayangutta PS

",10.80053841251451
Jubilee Hills,17.463773,78.474153,3.074,772,Jubilee Hills Police Station,0.8937047873613094,140,90.16,LOW,0.7644,0.8766,0.9968,0.9904,0.9968,0.7644,0.9904,Police Line Bowenpally & PS,0.2378754464380356
Attapur,17.349395,78.393705,6.443,281,Rajendranagar Police Station,0.29715188522125513,27,39.02,MEDIUM,0.016,0.1218,0.9487,0.5369,0.9487,0.016,0.5369,Golconda PS,4.730564736316002
Ameerpet,17.178004,78.610889,5.524,45,SR Nagar Police Station,0.08523395164590776,24,20.69,HIGH,0.0561,0.3077,0.0865,0.4663,0.0865,0.0561,0.4663,Chandrayangutta PS,21.46482782247048
Alwal,17.596252,78.430979,4.973,43,Alwal Police Station,0.13500758344124725,7,26.86,HIGH,0.258,0.4712,0.0737,0.0641,0.0737,0.258,0.0641,Bollarum PS,12.813982659502695
Beeramguda,17.112922,78.491173,6.084,88,Ameenpur Police Station,0.07923595757202209,8,34.74,HIGH,0.7644,0.1923,0.3638,0.0849,0.3638,0.7644,0.0849,"Out Post chandrayangutta PS

",23.24106556271609
Uppal,17.220241,78.55638,3.281,27,Uppal Police Station,0.12346086883765808,24,54.23,MEDIUM,0.7644,0.8365,0.0272,0.4663,0.0272,0.7644,0.4663,Chandrayangutta PS,14.19946480880393
Bandlaguda,17.20684,78.221349,5.804,79,Bandlaguda Police Station,0.06609413342275752,7,37.93,MEDIUM,0.9279,0.2532,0.2869,0.0641,0.2869,0.9279,0.0641,Golconda PS,28.25987173789558
Tellapur,17.285935,78.21136,5.42,87,Ramachandrapuram Police Station,0.07797830864032132,29,42.2,MEDIUM,0.5978,0.3462,0.3526,0.5817,0.3526,0.5978,0.5817,Golconda PS,23.648158249047125
Patancheru,17.634315,78.248326,3.57,104,Patancheru Police Station,0.06589484465561417,32,53.24,MEDIUM,0.0561,0.7917,0.4631,0.6554,0.4631,0.0561,0.6554,Jubilee Hills PS,28.351388040332868
Kollur,17.486281,78.653607,6.973,26,BDL Bhanur Police Station,0.12017141867843668,33,12.39,HIGH,0.133,0.0577,0.0208,0.6795,0.0208,0.133,0.6795,Bollarum PS,14.642892478050408
Shamshabad,17.550631,78.554918,4.315,101,Shamshabad Police Station,0.2766050533992264,16,52.64,MEDIUM,0.5978,0.625,0.4423,0.242,0.4423,0.5978,0.242,Bollarum PS,5.230525890332824
Dilsukhnagar,17.46414,78.515823,2.5,77,Dilsukhnagar Police Station,0.6408143368685091,16,66.79,LOW,0.9279,0.9423,0.2708,0.242,0.2708,0.9279,0.242,Tirmulgherry Traffic PS,1.1210287987211294
Malkajgiri,17.462721,78.666189,4.535,39,Malkajgiri Police Station,0.11209884603401703,22,37.4,MEDIUM,0.4375,0.5705,0.0577,0.4103,0.0577,0.4375,0.4103,Tukaramgat PS,15.841396863203112
Boduppal,17.64994,78.590556,4.399,139,Medipally Police Station,0.1080783441959774,52,72.55,LOW,0.9279,0.609,0.6955,0.8766,0.6955,0.9279,0.8766,Bollarum PS,16.5050947521311
Srisailam Highway,17.413137,78.890595,4.355,72,Pahadi Shareef Police Station,0.04795980775333988,29,42.66,MEDIUM,0.258,0.6154,0.2356,0.5817,0.2356,0.258,0.5817,Tukaramgat PS,39.701585008140945
Yapral,17.205047,78.672921,5.957,47,Jawaharnagar Police Station,0.07837705865277099,13,21.84,HIGH,0.4375,0.2115,0.0946,0.1795,0.0946,0.4375,0.1795,"Pisal Banda PS(Old Santoshnagar PS)

",23.51767104275341
LB Nagar,17.223302,78.650534,3.622,50,LB Nagar Police Station,0.08932046198711262,21,42.95,MEDIUM,0.258,0.7756,0.101,0.3734,0.101,0.258,0.3734,"Pisal Banda PS(Old Santoshnagar PS)

",20.391285887981244
Sanath Nagar,17.2966,78.498886,5.044,171,Sanathnagar Police Station,0.34813210642277737,11,56.33,MEDIUM,0.5978,0.4455,0.8365,0.1458,0.8365,0.5978,0.1458,Chandrayangutta PS,3.7449455626226182
Sainikpuri,17.728488,78.514665,7.353,158,Neredmet Police Station,0.07865038629672008,31,36.25,MEDIUM,0.258,0.0256,0.7917,0.6314,0.7917,0.258,0.6314,Bollarum PS,23.428991441373316
Nagole,17.357873,78.501136,5.411,113,Nagole Police Station,0.5860459686869451,15,47.18,MEDIUM,0.7644,0.3526,0.5192,0.2212,0.5192,0.7644,0.2212,"Rein Bazar PS

",1.4127015743851363
Mokila,17.227273,78.626481,4.988,94,Mokila Police Station,0.09898078747466817,20,53.09,MEDIUM,0.9279,0.4679,0.4119,0.3462,0.4119,0.9279,0.3462,"Pisal Banda PS(Old Santoshnagar PS)

",18.205941486491543
Hayathnagar,17.392505,78.640786,3.551,121,Hayathnagar Police Station,0.1322021891725064,5,51.97,MEDIUM,0.133,0.7949,0.5801,0.0112,0.5801,0.133,0.0112,Amberpet Police Station,13.128342522303198
Bhanur,17.613554,78.247792,4.63,79,BDL Bhanur Police Station,0.06997818679669743,22,37.16,MEDIUM,0.133,0.5449,0.2869,0.4103,0.2869,0.133,0.4103,Jubilee Hills PS,26.580334695016543
Dammaiguda,17.275062,78.575521,5.936,118,Jawaharnagar Police Station,0.1584588740766654,36,42.07,MEDIUM,0.4375,0.2212,0.5689,0.7404,0.5689,0.4375,0.7404,"Pisal Banda PS(Old Santoshnagar PS)

",10.621571443404061
Kokapet,17.329342,78.251058,4.647,146,Narsingi Police Station,0.10135095544454976,20,49.95,MEDIUM,0.133,0.5417,0.7388,0.3462,0.7388,0.133,0.3462,Golconda PS,17.733410417568507
Tolichowki,17.261457,78.433378,2.697,138,Golconda Police Station,0.20948401779835787,12,68.17,LOW,0.4375,0.9295,0.6875,0.1619,0.6875,0.4375,0.1619,"Out Post chandrayangutta PS

",7.5472677153114915
Himayatnagar,17.56324,78.449853,5.863,115,Himayatnagar Police Station,0.18265454482863727,13,46.23,MEDIUM,0.9279,0.2372,0.5465,0.1795,0.5465,0.9279,0.1795,Bollarum PS,8.949631731728104
Vanasthalipuram,17.631985,78.487968,4.923,72,Vanasthalipuram Police Station,0.13221609302713477,14,40.27,MEDIUM,0.5978,0.4808,0.2356,0.2019,0.2356,0.5978,0.2019,Bollarum PS,13.126751624626657
Moosapet,17.292568,78.490913,3.892,89,Kukatpally Police Station,0.3458103140609493,26,54.29,MEDIUM,0.4375,0.7308,0.3734,0.5112,0.3734,0.4375,0.5112,Chandrayangutta PS,3.7835174911743623
Motinagar,17.481379,78.60015,6.661,63,Sanathnagar Police Station,0.1745190337777625,17,23.67,HIGH,0.5978,0.0962,0.1715,0.2724,0.1715,0.5978,0.2724,Bollarum PS,9.460068032160072
Lingampally,17.360808,78.416538,6.1,31,Chandanagar Police Station,0.36353868757153956,27,22.48,HIGH,0.4375,0.1827,0.0353,0.5369,0.0353,0.4375,0.5369,Golconda PS,3.501477747416984
Nizampet Road,17.518401,78.531392,4.325,76,Kukatpally Police Station,0.6140368661191961,33,48.4,MEDIUM,0.4375,0.6218,0.266,0.6795,0.266,0.4375,0.6795,Bollarum PS,1.2571334236660683
Moinabad,17.262479,78.129574,2.425,43,Moinabad Police Station,0.05788183953725727,31,58.69,MEDIUM,0.5978,0.9551,0.0737,0.6314,0.0737,0.5978,0.6314,Golconda PS,32.55315200742098
Whitefield,17.623683,78.214484,6.895,112,Kondapur Police Station,0.06293096078963845,19,39.74,MEDIUM,0.9279,0.0673,0.5096,0.3205,0.5096,0.9279,0.3205,Jubilee Hills PS,29.780859133638064
Rajendra Nagar,17.408252,78.40942,6.344,104,Rajendranagar Police Station,0.49687403438445865,5,20.1,HIGH,0.016,0.1442,0.4631,0.0112,0.4631,0.016,0.0112,Golconda PS,2.0251650551183578
Financial District,17.170591,78.455101,3.129,661,Gachibowli Police Station,0.10664797014942712,121,78.81,LOW,0.258,0.8494,0.9936,0.9872,0.9936,0.258,0.9872,"Out Post chandrayangutta PS

",16.753287073328732
Shaikpet,17.385516,78.320897,5.015,68,Golconda Police Station,0.1820927302737134,17,35.98,MEDIUM,0.4375,0.4647,0.1971,0.2724,0.1971,0.4375,0.2724,Golconda PS,8.983414862272054
Chilkur,17.289573,78.579594,3.926,145,Moinabad Police Station,0.16796462404701235,19,65.66,LOW,0.5978,0.7179,0.726,0.3205,0.726,0.5978,0.3205,"Pisal Banda PS(Old Santoshnagar PS)

",9.907269232122422
Mehdipatnam,17.650926,78.552764,6.159,84,Mehdipatnam Police Station,0.11619962970854426,6,32.32,HIGH,0.7644,0.1731,0.3253,0.0353,0.3253,0.7644,0.0353,Bollarum PS,15.211758806946854
Shamirpet,17.723594,78.279877,5.165,148,Shamirpet Police Station,0.05527141814421636,54,55.77,MEDIUM,0.4375,0.391,0.75,0.8878,0.75,0.4375,0.8878,Bollarum PS,34.18506756569049
Habsiguda,17.318856,78.558704,6.823,88,Osmania University Police Station,0.23981905054229713,31,38.86,MEDIUM,0.9279,0.0769,0.3638,0.6314,0.3638,0.9279,0.6314,"Pisal Banda PS(Old Santoshnagar PS)

",6.339621041270272
Ameenpur,17.46924,78.336918,3.106,137,Ameenpur Police Station,0.1854838394688587,42,78.67,LOW,0.7644,0.8654,0.6827,0.8285,0.6827,0.7644,0.8285,Jubilee Hills PS,8.782610526755805
Bolaram,17.621304,78.486164,5.752,33,Bolaram Police Station,0.14248007164818177,38,38.19,MEDIUM,0.9279,0.2628,0.0417,0.7869,0.0417,0.9279,0.7869,Bollarum PS,12.037050773939042
Chintal,17.451262,78.714762,2.229,109,Jeedimetla Police Station,0.08737565743385607,20,62.31,LOW,0.258,0.9744,0.4904,0.3462,0.4904,0.258,0.3462,Tukaramgat PS,20.88967040407121
Rampally,17.392661,78.716157,5.792,69,Ghatkesar Police Station,0.08648732505325953,7,25.8,HIGH,0.4375,0.2564,0.2051,0.0641,0.2051,0.4375,0.0641,Amberpet Police Station,21.12477578383174
Bibinagar,17.153473,78.493444,4.265,74,Bibinagar Police Station,0.09616914762533424,38,59.79,MEDIUM,0.9279,0.6442,0.2532,0.7869,0.2532,0.9279,0.7869,"Out Post chandrayangutta PS

",18.79669051234402
Nanakramguda,17.495902,78.319158,6.67,114,Gachibowli Police Station,0.14294418127667022,33,31.68,HIGH,0.258,0.0929,0.5337,0.6795,0.5337,0.258,0.6795,Jubilee Hills PS,11.991475428642845
Kothapet,17.288308,78.476194,5.419,116,Chaitanyapuri Police Station,0.35012854364922913,7,49.9,MEDIUM,0.9279,0.3494,0.5577,0.0641,0.5577,0.9279,0.0641,"Out Post chandrayangutta PS

",3.7121878129526884
Nacharam,17.341204,78.711032,3.919,148,Nacharam Police Station,0.08594616885383102,64,75.9,LOW,0.7644,0.7212,0.75,0.9263,0.75,0.7644,0.9263,Amberpet Police Station,21.270379897926663
Ghatkesar,17.529929,78.770635,4.25,63,Ghatkesar Police Station,0.06978981120071746,36,47.32,MEDIUM,0.4375,0.6506,0.1715,0.7404,0.1715,0.4375,0.7404,Bollarum PS,26.657478299345783
Kothaguda,17.115072,78.385605,4.751,118,Madhapur Police Station,0.0755094311150244,23,51.01,MEDIUM,0.4375,0.5192,0.5689,0.4423,0.5689,0.4375,0.4423,"Out Post chandrayangutta PS

",24.486757620427266
Mallapur,17.683371,78.412847,2.104,97,Nacharam Police Station,0.08473376889697709,29,73.35,LOW,0.7644,0.984,0.4295,0.5817,0.4295,0.7644,0.5817,Bollarum PS,21.603340510342278
West Marredpally,17.588753,78.647246,2.707,128,Marredpally Police Station,0.11320562103509352,14,73.4,LOW,0.7644,0.9263,0.6346,0.2019,0.6346,0.7644,0.2019,Bollarum PS,15.666967255804407
AS Rao Nagar,17.347951,78.498479,4.732,159,Kushaiguda Police Station,0.7192686307732563,12,51.76,MEDIUM,0.258,0.5224,0.8029,0.1619,0.8029,0.258,0.1619,"Out Post Jamal Colony, Chandrayangutta PS

",0.7806022874233816
Tarnaka,17.1729,78.511255,7.027,102,Lallaguda Police Station,0.10486933657309418,26,29.38,HIGH,0.4375,0.0513,0.4487,0.5112,0.4487,0.4375,0.5112,"Out Post chandrayangutta PS

",17.071351696842243
Tukkuguda,17.325636,78.309221,3.589,128,Pahadi Shareef Police Station,0.13797780435625764,27,60.98,LOW,0.258,0.7853,0.6346,0.5369,0.6346,0.258,0.5369,Golconda PS,12.495084983639943
Trimulgherry,17.551682,78.514376,6.659,104,Trimulgherry Police Station,0.34464152566303297,30,42.5,MEDIUM,0.9279,0.0994,0.4631,0.6074,0.4631,0.9279,0.6074,Bollarum PS,3.8031312278818774
Bowenpally,17.707349,78.523173,3.89,142,Bowenpally Police Station,0.08666932832233813,9,63.75,LOW,0.5978,0.734,0.7131,0.1042,0.7131,0.5978,0.1042,Bollarum PS,21.076214373805417
Kapra,17.379922,78.578805,5.154,119,Kushaiguda Police Station,0.23165060181055203,29,44.34,MEDIUM,0.258,0.4038,0.5737,0.5817,0.5737,0.258,0.5817,Amberpet Police Station,6.633692226000067
Kismatpur,17.177126,78.22549,5.424,50,Rajendranagar Police Station,0.06191908657247368,25,21.96,HIGH,0.016,0.3429,0.101,0.4888,0.101,0.016,0.4888,"Out Post chandrayangutta PS

",30.30021808637446
ECIL,17.333063,78.647082,6.932,62,Kushaiguda Police Station,0.1182084496221829,37,19.95,HIGH,0.258,0.0609,0.1571,0.7644,0.1571,0.258,0.7644,Malakpet PS,14.919264286033592
Ramanthapur,17.50756,78.536827,3.481,69,Uppal Police Station,0.48086525620308496,30,59.7,MEDIUM,0.7644,0.8045,0.2051,0.6074,0.2051,0.7644,0.6074,Bollarum PS,2.159169277048653
Suchitra Road,17.280899,78.573214,7.417,145,Petbasheerabad Police Station,0.16671709035224566,31,34.15,HIGH,0.258,0.0224,0.726,0.6314,0.726,0.258,0.6314,"Pisal Banda PS(Old Santoshnagar PS)

",9.996370592686871
Kavadiguda,17.547813,78.498412,3.957,54,Gandhinagar Police Station,0.332410768452672,14,49.31,MEDIUM,0.7644,0.7051,0.1266,0.2019,0.1266,0.7644,0.2019,Bollarum PS,4.0166522562122
Kachiguda,17.54792,78.413219,6.32,109,Kachiguda Police Station,0.15180021258808124,14,41.25,MEDIUM,0.9279,0.149,0.4904,0.2019,0.4904,0.9279,0.2019,Police Line Bowenpally & PS,11.175212115328963
Nagaram,17.286321,78.394406,2.017,243,Kushaiguda Police Station,0.18696021114461972,35,78.75,LOW,0.258,0.9872,0.8974,0.7179,0.8974,0.258,0.7179,"Out Post chandrayangutta PS

",8.69746331454951
Sri Nagar Colony,17.357125,78.503105,5.577,113,SR Nagar Police Station,0.5498689100685195,19,31.57,HIGH,0.0561,0.2917,0.5192,0.3205,0.5192,0.0561,0.3205,"Rein Bazar PS

",1.6372305532800153
Osman Nagar,17.566397,78.364795,6.552,124,Ramachandrapuram Police Station,0.11226715416161936,11,35.8,MEDIUM,0.5978,0.109,0.601,0.1458,0.601,0.5978,0.1458,Jubilee Hills PS,15.814649484396902
Rudraram,17.221012,78.760482,3.767,71,Patancheru Police Station,0.06180060494362465,32,44.28,MEDIUM,0.0561,0.7468,0.2244,0.6554,0.2244,0.0561,0.6554,"Pisal Banda PS(Old Santoshnagar PS)

",30.3621427625899
Borabanda,17.609182,78.306185,5.677,52,SR Nagar Police Station,0.08110408725509075,22,19.5,HIGH,0.0561,0.2692,0.117,0.4103,0.117,0.0561,0.4103,Jubilee Hills PS,22.65966966263422
Hyder Nagar,17.335728,78.344072,4.281,269,KPHB Police Station,0.18332440642435893,53,77.56,LOW,0.7644,0.6346,0.9359,0.8814,0.9359,0.7644,0.8814,Golconda PS,8.909622122928926
Old Bowenpally,17.42562,78.529928,7.647,62,Bowenpally Police Station,0.5224593907486772,29,22.74,HIGH,0.5978,0.0064,0.1571,0.5817,0.1571,0.5978,0.5817,Chilkalguda PS,1.8280487161576846
Neredmet,17.54588,78.706557,3.997,221,Neredmet Police Station,0.0906130172286062,40,67.18,LOW,0.258,0.6939,0.8734,0.8061,0.8734,0.258,0.8061,Bollarum PS,20.071883943056775
Somajiguda,17.478951,78.552244,2.542,192,Punjagutta Police Station,0.30406871073868175,61,84.28,LOW,0.5978,0.9391,0.8526,0.9183,0.8526,0.5978,0.9183,Tirmulgherry Traffic PS,4.577460716498418
Malakpet,17.302068,78.621226,2.349,134,Malakpet Police Station,0.1315751016590128,58,76.33,LOW,0.4375,0.9647,0.6635,0.9087,0.6635,0.4375,0.9087,"Pisal Banda PS(Old Santoshnagar PS)

",13.200444269335676
Sanjeeva Reddy Nagar,17.599348,78.55231,2.221,40,SR Nagar Police Station,0.17085059286858165,26,47.21,MEDIUM,0.0561,0.9776,0.0625,0.5112,0.0625,0.0561,0.5112,Bollarum PS,9.706134385722622
Pocharam,17.768962,78.427551,2.599,113,Pocharam IT Corridor Police Station,0.06333804867523181,35,78.75,LOW,0.9279,0.9359,0.5192,0.7179,0.5192,0.9279,0.7179,Bollarum PS,29.57659640345212
Serilingampally,17.319887,78.300285,6.768,123,Chandanagar Police Station,0.12788787240203026,33,36.52,MEDIUM,0.4375,0.0833,0.5881,0.6795,0.5881,0.4375,0.6795,Golconda PS,13.638699451600614
Balanagar,17.453849,78.290826,6.998,158,Balanagar Police Station,0.13501323065368703,9,42.26,MEDIUM,0.7644,0.0545,0.7917,0.1042,0.7917,0.7644,0.1042,Jubilee Hills PS,12.81336303350936
Mallampet,17.225908,78.667443,4.109,142,Dundigal Police Station,0.0846855839070217,57,59.09,MEDIUM,0.0929,0.6699,0.7131,0.9038,0.7131,0.0929,0.9038,"Pisal Banda PS(Old Santoshnagar PS)

",21.61677050247238
Bhogaram,17.64651,78.684378,5.899,38,Keesara Police Station,0.08135852684820674,6,16.07,HIGH,0.258,0.2244,0.0529,0.0353,0.0529,0.258,0.0353,Bollarum PS,22.58254933415234
Madhuranagar,17.17693,78.522131,7.082,62,SR Nagar Police Station,0.10528769499382402,24,12.16,HIGH,0.0561,0.0417,0.1571,0.4663,0.1571,0.0561,0.4663,"Out Post chandrayangutta PS

",16.99557208577238
Mettuguda,17.236819,78.710943,2.446,85,Lallaguda Police Station,0.07440886300638014,52,65.37,LOW,0.4375,0.9487,0.3301,0.8766,0.3301,0.4375,0.8766,"Pisal Banda PS(Old Santoshnagar PS)

",24.878518488160626
Warangal Highway,17.621173,78.425874,3.997,92,Ghatkesar Police Station,0.11636720369178248,18,51.22,MEDIUM,0.4375,0.6939,0.391,0.2981,0.391,0.4375,0.2981,Bollarum PS,15.186973103670399
Kothur,17.209284,78.203914,2.316,169,Kothur Police Station,0.0637290452214146,28,84.62,LOW,0.7644,0.9712,0.8301,0.5577,0.8301,0.7644,0.5577,Golconda PS,29.38286464282299
Medchal,17.250938,78.704479,3.538,43,Medchal Police Station,0.07825268822043405,36,53.49,MEDIUM,0.5978,0.7981,0.0737,0.7404,0.0737,0.5978,0.7404,"Pisal Banda PS(Old Santoshnagar PS)

",23.558227397454978
Srinagar Colony,17.246177,78.725803,5.16,83,SR Nagar Police Station,0.07185199568961094,9,27.5,HIGH,0.0561,0.3942,0.3189,0.1042,0.3189,0.0561,0.1042,"Pisal Banda PS(Old Santoshnagar PS)

",25.834995824467818
Saroor Nagar,17.385923,78.427054,3.593,221,Saroornagar Police Station,0.45950671260070297,67,78.86,LOW,0.5978,0.7821,0.8734,0.9423,0.8734,0.5978,0.9423,Golconda PS,2.3524935439581656
Maheshwaram,17.204511,78.391185,5.108,116,Maheshwaram Police Station,0.11572553857499329,68,61.67,LOW,0.9279,0.4231,0.5577,0.9455,0.5577,0.9279,0.9455,"Out Post chandrayangutta PS

",15.282269969337372
Amberpet,17.556419,78.461335,6.037,63,Amberpet Police Station,0.21015186512148412,33,38.45,MEDIUM,0.9279,0.1987,0.1715,0.6795,0.1715,0.9279,0.6795,Bollarum PS,7.516927193788379
Langar Houz,17.634244,78.588077,2.763,57,Langar Houz Police Station,0.11874524969414942,24,64.12,LOW,0.9279,0.9167,0.141,0.4663,0.141,0.9279,0.4663,Bollarum PS,14.842779017698593
Shankarpalli,17.118279,78.386681,2.219,86,Shankarpally Police Station,0.07659066717789884,18,70.96,LOW,0.9279,0.9808,0.3397,0.2981,0.3397,0.9279,0.2981,"Out Post chandrayangutta PS

",24.112842121541462
Khairatabad,17.535927,78.463892,5.435,45,Khairatabad Police Station,0.24286380510260078,22,38.46,MEDIUM,0.9279,0.3301,0.0865,0.4103,0.0865,0.9279,0.4103,Bollarum PS,6.2350682068704115
Abids,17.180236,78.556768,6.198,26,Abids Police Station,0.0997777719883823,13,24.5,HIGH,0.7644,0.1699,0.0208,0.1795,0.0208,0.7644,0.1795,Chandrayangutta PS,18.044544592886595
Kavuri Hills,17.391905,78.216432,4.856,75,Madhapur Police Station,0.0906942126402135,5,36.52,MEDIUM,0.4375,0.4968,0.2596,0.0112,0.2596,0.4375,0.0112,Golconda PS,20.052123743926817
East Marredpally,17.549322,78.396107,5.035,150,Marredpally Police Station,0.13889698243321044,38,64.1,LOW,0.7644,0.4551,0.758,0.7869,0.758,0.7644,0.7869,Police Line Bowenpally & PS,12.399160910221456
Dundigal,17.726931,78.355789,2.902,81,Dundigal Police Station,0.06448871521054386,28,52.72,MEDIUM,0.0929,0.9038,0.3045,0.5577,0.3045,0.0929,0.5577,Bollarum PS,29.01317794082834
Padma Rao Nagar,17.19572,78.590018,4.002,88,Chilakalguda Police Station,0.0974095417376525,13,45.43,MEDIUM,0.258,0.6891,0.3638,0.1795,0.3638,0.258,0.1795,Chandrayangutta PS,18.531869510139824
Medipalli,17.621221,78.415788,4.261,139,Medipalli Police Station,0.11166608753388704,22,66.15,LOW,0.7644,0.6474,0.6955,0.4103,0.6955,0.7644,0.4103,Bollarum PS,15.910540649980819
Bhongir,17.472933,78.875214,5.754,86,Bhongir Town Police Station,0.04997525532469912,6,36.22,MEDIUM,0.7644,0.2596,0.3397,0.0353,0.3397,0.7644,0.0353,Tukaramgat PS,38.01980554187476
Peerzadiguda,17.632145,78.626781,6.209,67,Medipalli Police Station,0.10497759424075453,22,31.78,HIGH,0.7644,0.1667,0.1907,0.4103,0.1907,0.7644,0.4103,Bollarum PS,17.051684451952866
Bahadurpally,17.274382,78.366925,4.205,75,Dundigal Police Station,0.14386314018047736,6,36.15,MEDIUM,0.0929,0.6538,0.2596,0.0353,0.2596,0.0929,0.0353,"Out Post chandrayangutta PS

",11.90210166058509
Quthbullapur,17.495439,78.59341,5.885,117,Jeedimetla Police Station,0.19571802469566568,17,34.17,HIGH,0.258,0.234,0.5641,0.2724,0.5641,0.258,0.2724,Bollarum PS,8.218782879655189
Shanthi Nagar,17.313297,78.505095,4.024,115,Masab Tank Police Station,0.4011204750815046,43,70.61,LOW,0.9279,0.6827,0.5465,0.8349,0.5465,0.9279,0.8349,Chandrayangutta PS,2.986033185151207
Nallakunta,17.324606,78.533905,5.258,115,Nallakunta Police Station,0.35053986779837953,29,49.17,MEDIUM,0.5978,0.375,0.5465,0.5817,0.5465,0.5978,0.5817,"Pisal Banda PS(Old Santoshnagar PS)

",3.7054851208831474
Gandi Maisamma,17.640839,78.630088,6.492,102,Dundigal Police Station,0.09995069088132576,35,27.12,HIGH,0.0929,0.1154,0.4487,0.7179,0.4487,0.0929,0.7179,Bollarum PS,18.009866688912194
Badangpet,17.247311,78.841913,3.862,116,Meerpet Police Station,0.05079129549723776,30,61.17,LOW,0.4375,0.7404,0.5577,0.6074,0.5577,0.4375,0.6074,"Pisal Banda PS(Old Santoshnagar PS)

",37.3768258994057
Masab Tank,17.534217,78.534499,5.137,52,Humayun Nagar Police Station,0.4530631786485276,26,40.32,MEDIUM,0.7644,0.4103,0.117,0.5112,0.117,0.7644,0.5112,Bollarum PS,2.4143953740975674
Ibrahimpatnam,17.181797,78.680311,5.113,127,Ibrahimpatnam Police Station,0.07186074210305943,20,44.09,MEDIUM,0.258,0.4167,0.6266,0.3462,0.6266,0.258,0.3462,"Pisal Banda PS(Old Santoshnagar PS)

",25.831607933184024
Moula Ali,17.428152,78.672131,5.174,67,Malkajgiri Police Station,0.10825720280991667,33,36.78,MEDIUM,0.4375,0.3878,0.1907,0.6795,0.1907,0.4375,0.6795,Tukaramgat PS,16.4745213074801
Ramchandra Puram,17.378452,78.447775,6.729,70,Ramachandrapuram Police Station,0.5920457360463437,6,22.29,HIGH,0.5978,0.0897,0.2131,0.0353,0.2131,0.5978,0.0353,Mangalhat PS,1.3781173957199917
Saidabad,17.676961,78.467221,5.043,90,Saidabad Police Station,0.09735811514608605,17,43.97,MEDIUM,0.5978,0.4487,0.3782,0.2724,0.3782,0.5978,0.2724,Bollarum PS,18.542714872807426
Lakdi Ka Pul,17.680484,78.487743,5.43,54,Saifabad Police Station,0.09805355369479117,26,27.66,HIGH,0.258,0.3397,0.1266,0.5112,0.1266,0.258,0.5112,Bollarum PS,18.397016983447124
Punjagutta,17.578921,78.36329,3.873,169,Punjagutta Police Station,0.10433537066732626,16,68.77,LOW,0.5978,0.7372,0.8301,0.242,0.8301,0.5978,0.242,Police Line Bowenpally & PS,17.16895475818079
Cherlapally,17.396265,78.679704,3.72,32,Charlapally Police Station,0.1037885870133778,23,54.26,MEDIUM,0.9279,0.7532,0.0385,0.4423,0.0385,0.9279,0.4423,Amberpet Police Station,17.269941498887643
Gandhi Nagar,17.233849,78.600132,5.456,186,Gandhinagar Police Station,0.11259511413858479,49,62.34,LOW,0.7644,0.3237,0.8494,0.8622,0.8494,0.7644,0.8622,"Pisal Banda PS(Old Santoshnagar PS)

",15.762760092221692
Manchirevula,17.634508,78.352169,4.45,103,Narsingi Police Station,0.0834026120596266,38,48.03,MEDIUM,0.133,0.5962,0.4551,0.7869,0.4551,0.133,0.7869,Bollarum PS,21.980064300266164
Hyderguda,17.247569,78.507122,6.555,71,Narayanguda Police Station,0.18059086053745055,7,26.89,HIGH,0.7644,0.1058,0.2244,0.0641,0.2244,0.7644,0.0641,Chandrayangutta PS,9.074757571052409
Anandbagh,17.490648,78.646446,7.557,92,Malkajgiri Police Station,0.12664534956741225,11,22.58,HIGH,0.4375,0.016,0.391,0.1458,0.391,0.4375,0.1458,Bollarum PS,13.79213138762286
Turkayamjal,17.565192,78.252368,5.526,51,Adibatla Police Station,0.08207354953536947,23,31.78,HIGH,0.5978,0.3045,0.1074,0.4423,0.1074,0.5978,0.4423,Jubilee Hills PS,22.36838678627032
Kushaiguda,17.538382,78.479201,4.295,240,Kushaiguda Police Station,0.29196618167091226,23,61.54,LOW,0.258,0.6282,0.8942,0.4423,0.8942,0.258,0.4423,Bollarum PS,4.850108421989389
Bowrampet,17.498485,78.245917,5.159,166,Dundigal Police Station,0.09575871208720357,12,43.96,MEDIUM,0.0929,0.399,0.8173,0.1619,0.8173,0.0929,0.1619,Jubilee Hills PS,18.885828102812006
Velimela,17.357429,78.741317,4.498,125,BDL Bhanur Police Station,0.07674630776231287,33,51.15,MEDIUM,0.133,0.5833,0.6122,0.6795,0.6122,0.133,0.6795,Amberpet Police Station,24.059885593377334
Jeedimetla,17.472842,78.344624,5.288,271,Jeedimetla Police Station,0.1941859045832469,55,57.16,MEDIUM,0.258,0.3718,0.9391,0.8958,0.9391,0.258,0.8958,Jubilee Hills PS,8.299408725325922
Upperpally,17.658791,78.424289,7.238,113,Rajendranagar Police Station,0.09687876528831946,23,21.47,HIGH,0.016,0.0288,0.5192,0.4423,0.5192,0.016,0.4423,Bollarum PS,18.64435889586154
Nandigama,17.167022,78.305901,4.886,114,Patancheru Police Station,0.07616861740171947,41,44.94,MEDIUM,0.0561,0.4904,0.5337,0.8189,0.5337,0.0561,0.8189,"Out Post chandrayangutta PS

",24.257533197062482
Musheerabad,17.43865,78.617063,4.162,257,Musheerabad Police Station,0.1594164047849348,60,78.25,LOW,0.7644,0.6571,0.9183,0.9135,0.9183,0.7644,0.9135,Tukaramgat PS,10.545760285449647
Balapur,17.12314,78.433688,3.12,69,Balapur Police Station,0.08239488950698085,5,59.18,MEDIUM,0.9279,0.859,0.2051,0.0112,0.2051,0.9279,0.0112,"Out Post chandrayangutta PS

",22.273350106629508
Chikkadapally,17.695691,78.713217,7.131,52,Chikkadpally Police Station,0.06556748086971223,10,21.47,HIGH,0.7644,0.0353,0.117,0.1266,0.117,0.7644,0.1266,Bollarum PS,28.50292574110264
Ramakrishnapuram,17.596631,78.348912,3.93,230,Neredmet Police Station,0.09287385125228328,45,68.38,LOW,0.258,0.7115,0.8782,0.8413,0.8782,0.258,0.8413,Jubilee Hills PS,19.53458667894781
Gurram Guda,17.607442,78.538355,4.096,71,Meerpet Police Station,0.16445983641802184,35,49.58,MEDIUM,0.4375,0.6731,0.2244,0.7179,0.2244,0.4375,0.7179,Bollarum PS,10.161023892279854
Vijayawada Highway,17.755304,78.433365,4.011,158,Hayathnagar Police Station,0.06680042031730896,16,56.27,MEDIUM,0.133,0.6859,0.7917,0.242,0.7917,0.133,0.242,Bollarum PS,27.93993137318286
Hasmathpet,17.449031,78.551607,7.449,123,Bowenpally Police Station,0.3576015414144292,9,31.41,HIGH,0.5978,0.0192,0.5881,0.1042,0.5881,0.5978,0.1042,Tukaramgat PS,3.59281705579164
New Nallakunta,17.462924,78.357604,5.575,145,Nallakunta Police Station,0.23414995427551066,34,52.53,MEDIUM,0.5978,0.2949,0.726,0.7003,0.726,0.5978,0.7003,Jubilee Hills PS,6.541534873189494
Karmanghat,17.352702,78.421062,4.839,37,Saroornagar Police Station,0.36263483371826283,31,39.71,MEDIUM,0.5978,0.5,0.0481,0.6314,0.0481,0.5978,0.6314,Police Quarter H B Colony (Bahadurpura PS),3.5151899763546544
Yousufguda,17.355827,78.406918,6.873,100,Jubilee Hills Police Station,0.3416994554604357,32,37.96,MEDIUM,0.7644,0.0737,0.4391,0.6554,0.4391,0.7644,0.6554,Golconda PS,3.8530968312636777
Basheerbagh,17.28968,78.622468,5.333,264,Saifabad Police Station,0.12622505059283254,31,54.2,MEDIUM,0.258,0.3686,0.9327,0.6314,0.9327,0.258,0.6314,"Pisal Banda PS(Old Santoshnagar PS)

",13.844715376280202
Meerpet,17.213046,78.349858,5.112,233,Meerpet Police Station,0.10340552513870074,49,60.71,LOW,0.4375,0.4199,0.8846,0.8622,0.8846,0.4375,0.8622,"Out Post chandrayangutta PS

",17.34132627166047
Nampally,17.367262,78.503273,4.788,106,Nampally Police Station,0.6662343068772114,25,58.3,MEDIUM,0.9279,0.5144,0.476,0.4888,0.476,0.9279,0.4888,Malakpet PS,1.00194688168258
Isnapur,17.523963,78.270936,4.148,132,Patancheru Police Station,0.10019528273662587,21,50.83,MEDIUM,0.0561,0.6603,0.6522,0.3734,0.6522,0.0561,0.3734,Jubilee Hills PS,17.96101957471607
Film Nagar,17.252763,78.396848,6.286,86,Banjara Hills Police Station,0.15766421808585362,27,37.13,MEDIUM,0.7644,0.1571,0.3397,0.5369,0.3397,0.7644,0.5369,"Out Post chandrayangutta PS

",10.6851864315271
Raikal,17.276249,78.372238,5.102,158,Shadnagar Police Station,0.15033203436790543,20,59.74,MEDIUM,0.7644,0.4311,0.7917,0.3462,0.7917,0.7644,0.3462,"Out Post chandrayangutta PS

",11.303884354451219
Kowkur,17.55933,78.517924,5.65,154,Jawaharnagar Police Station,0.3022526178879916,25,47.61,MEDIUM,0.4375,0.2724,0.7692,0.4888,0.7692,0.4375,0.4888,Bollarum PS,4.6169815632205955
Lalapet,17.474831,78.439036,5.21,136,Lallaguda Police Station,0.35180995574317286,21,48.21,MEDIUM,0.4375,0.3846,0.6779,0.3734,0.6779,0.4375,0.3734,Police Line Bowenpally & PS,3.6848874437767005
Upparpally,17.609001,78.747857,2.434,107,Rajendranagar Police Station,0.07082127364828691,5,52.98,MEDIUM,0.016,0.9519,0.4824,0.0112,0.4824,0.016,0.0112,Bollarum PS,26.24010211864324
Patancheru-Shankarpalli Road,17.169094,78.647615,5.891,84,Patancheru Police Station,0.07538611181794107,7,20.75,HIGH,0.0561,0.2308,0.3253,0.0641,0.3253,0.0561,0.0641,"Pisal Banda PS(Old Santoshnagar PS)

",24.53008560555609
Kandukur,17.662223,78.460667,6.394,82,Kandukur Police Station,0.10402862939011452,19,26.59,HIGH,0.4375,0.1314,0.3125,0.3205,0.3125,0.4375,0.3205,Bollarum PS,17.225476791584576
Sangareddy,17.807921,78.158909,5.834,14,Sangareddy Town Police Station,0.03873445283402742,37,36.22,MEDIUM,0.9279,0.2468,0.0048,0.7644,0.0048,0.9279,0.7644,Jubilee Hills PS,49.6336195213539
Chevalla,17.672494,78.4572,2.843,205,Chevalla Police Station,0.09792795884272702,37,88.48,LOW,0.9279,0.9103,0.8622,0.7644,0.8622,0.9279,0.7644,Bollarum PS,18.423176625298744
Manneguda,17.41231,78.624488,5.894,68,Hayathnagar Police Station,0.14648247550098284,48,26.23,HIGH,0.133,0.2276,0.1971,0.8558,0.1971,0.133,0.8558,Amberpet old PS,11.653510381769735
Almasguda,17.484746,78.498339,6.297,104,Meerpet Police Station,0.5222558869066863,21,32.53,HIGH,0.4375,0.1538,0.4631,0.3734,0.4631,0.4375,0.3734,Tirmulgherry Traffic PS,1.829540365444169
Bandlaguda - Nagole,17.56593,78.594217,5.47,60,Nagole Police Station,0.1731102575446107,32,39.09,MEDIUM,0.7644,0.3205,0.1474,0.6554,0.1474,0.7644,0.6554,Bollarum PS,9.55333039398083
Gandipet,17.47088,78.300698,4.682,161,Narsingi Police Station,0.1394378286199637,11,49.5,MEDIUM,0.133,0.5288,0.8077,0.1458,0.8077,0.133,0.1458,Jubilee Hills PS,12.34330998836032
BN Reddy Nagar,17.275462,78.420014,5.72,157,Vanasthalipuram Police Station,0.21831368503590062,8,46.86,MEDIUM,0.5978,0.266,0.7804,0.0849,0.7804,0.5978,0.0849,"Out Post chandrayangutta PS

",7.161129773752432
Narayanguda,17.670321,78.495215,4.568,272,Narayanguda Police Station,0.10443600843759694,66,75.5,LOW,0.7644,0.5641,0.9423,0.9375,0.9423,0.7644,0.9375,Bollarum PS,17.150482960051548
Mansoorabad,17.196688,78.541649,5.079,63,LB Nagar Police Station,0.11301084973449427,29,33.75,HIGH,0.258,0.4407,0.1715,0.5817,0.1715,0.258,0.5817,Chandrayangutta PS,15.697415820682398
Bhuvanagiri,17.432179,78.894321,5.116,94,Bhongir Town Police Station,0.04766682459245957,25,49.07,MEDIUM,0.7644,0.4135,0.4119,0.4888,0.4119,0.7644,0.4888,Tukaramgat PS,39.95790294611697
Gudimalkapur,17.232885,78.503716,6.38,140,Asif Nagar Police Station,0.16022888235024532,32,51.73,MEDIUM,0.9279,0.1378,0.7035,0.6554,0.7035,0.9279,0.6554,"Out Post chandrayangutta PS

",10.48214410950073
Ramoji Film City,17.541121,78.245842,7.117,126,Hayathnagar Police Station,0.08607700670441294,29,28.57,HIGH,0.133,0.0385,0.6186,0.5817,0.6186,0.133,0.5817,Jubilee Hills PS,21.23500870410106
Maruti Nagar,17.517013,78.333783,8.042,79,Saroornagar Police Station,0.13795564339323965,37,28.21,HIGH,0.5978,0.0,0.2869,0.7644,0.2869,0.5978,0.7644,Jubilee Hills PS,12.49741344976401
Domalguda,17.219651,78.475101,5.432,81,Chikkadpally Police Station,0.1507413123750041,21,41.62,MEDIUM,0.7644,0.3365,0.3045,0.3734,0.3045,0.7644,0.3734,"Out Post chandrayangutta PS

",11.267762954222759
Hastinapuram,17.463701,78.30326,3.09,289,Vanasthalipuram Police Station,0.14473601787527665,21,79.09,LOW,0.5978,0.8686,0.9551,0.3734,0.9551,0.5978,0.3734,Jubilee Hills PS,11.818260508752285
Champapet,17.337894,78.600178,4.131,145,Saidabad Police Station,0.16629591896618962,23,64.7,LOW,0.5978,0.6635,0.726,0.4423,0.726,0.5978,0.4423,Malakpet PS,10.026753346885375
Patighanpur,17.518197,78.287404,4.906,66,BDL Bhanur Police Station,0.11005585445981679,11,29.13,HIGH,0.133,0.4872,0.1843,0.1458,0.1843,0.133,0.1458,Jubilee Hills PS,16.172590725105252
Keesara,17.563287,78.775944,3.385,135,Keesara Police Station,0.06745415766049347,35,65.56,LOW,0.258,0.8269,0.6715,0.7179,0.6715,0.258,0.7179,Bollarum PS,27.649766142900923
Mehadipatnam,17.321459,78.337973,3.343,92,Mehdipatnam Police Station,0.16011877922860812,17,63.08,LOW,0.7644,0.8333,0.391,0.2724,0.391,0.7644,0.2724,Golconda PS,10.490727256573187
Karkhana,17.409238,78.548362,5.604,158,Karkhana Police Station,0.35578279166621607,8,47.96,MEDIUM,0.5978,0.2853,0.7917,0.0849,0.7917,0.5978,0.0849,"Nallakunta Old PS

",3.6214073497864265
Santosh Nagar,17.411207,78.529907,4.832,89,Santoshnagar Police Station,0.5410082923818005,28,52.2,MEDIUM,0.7644,0.5032,0.3734,0.5577,0.3734,0.7644,0.5577,"Nallakunta Old PS

",1.6968010068661934
Sitaphalmandi,17.588923,78.601121,3.929,95,Chilakalguda Police Station,0.14581573882537985,9,47.39,MEDIUM,0.258,0.7147,0.4199,0.1042,0.4199,0.258,0.1042,Bollarum PS,11.71594051582511
Nadergul,17.206434,78.665412,4.924,73,Pahadi Shareef Police Station,0.08060107489047609,15,33.83,HIGH,0.258,0.4776,0.2452,0.2212,0.2452,0.258,0.2212,"Pisal Banda PS(Old Santoshnagar PS)

",22.813564865204075
Shamshabad Road,17.665986,78.479153,5.648,86,Shamshabad Police Station,0.10514812114725054,31,39.49,MEDIUM,0.5978,0.2756,0.3397,0.6314,0.3397,0.5978,0.6314,Bollarum PS,17.020786849811408
Pet Basheerabad,17.122379,78.521884,3.438,109,Petbasheerabad Police Station,0.08067885177245565,36,59.71,MEDIUM,0.258,0.8109,0.4904,0.7404,0.4904,0.258,0.7404,"Out Post chandrayangutta PS

",22.78964382934878
Bhoiguda,17.635341,78.513698,5.159,114,Chilakalguda Police Station,0.13262143610368982,34,44.13,MEDIUM,0.258,0.399,0.5337,0.7003,0.5337,0.258,0.7003,Bollarum PS,13.08051834423135
Gundlapochampally,17.481896,78.683481,7.173,134,Petbasheerabad Police Station,0.10081671987639902,37,33.99,HIGH,0.258,0.0321,0.6635,0.7644,0.6635,0.258,0.7644,Bollarum PS,17.837979280143152
Rai Durg,17.237164,78.304154,3.712,93,Raidurgam Police Station,0.09207739111277141,31,63.93,LOW,0.7644,0.7564,0.4022,0.6314,0.4022,0.7644,0.6314,"Out Post chandrayangutta PS

",19.720858680178157
Chandrayanagutta,17.233638,78.548396,2.404,262,Chandrayangutta Police Station,0.13799045374510302,40,89.57,LOW,0.7644,0.9583,0.9295,0.8061,0.9295,0.7644,0.8061,Chandrayangutta PS,12.493756239793333
Gagillapur,17.165312,78.415739,3.423,70,Dundigal Police Station,0.09924294415798905,9,41.86,MEDIUM,0.0929,0.8141,0.2131,0.1042,0.2131,0.0929,0.1042,"Out Post chandrayangutta PS

",18.152566179577615
Erragadda,17.518598,78.344627,6.521,66,Sanathnagar Police Station,0.14348109769802186,41,30.16,HIGH,0.5978,0.1122,0.1843,0.8189,0.1843,0.5978,0.8189,Jubilee Hills PS,11.939118337450337
Rajeev Nagar,17.434362,78.293909,3.123,111,SR Nagar Police Station,0.14054135570681806,19,53.65,MEDIUM,0.0561,0.8558,0.5032,0.3205,0.5032,0.0561,0.3205,Jubilee Hills PS,12.230686689633053
Moosarambagh,17.216045,78.612879,3.689,14,Malakpet Police Station,0.09925549777226263,27,44.78,MEDIUM,0.4375,0.7628,0.0048,0.5369,0.0048,0.4375,0.5369,"Pisal Banda PS(Old Santoshnagar PS)

",18.15001732789565
Prashanth Nagar,17.428031,78.393245,5.86,78,Kukatpally Police Station,0.5391804449185491,22,30.8,HIGH,0.4375,0.242,0.2756,0.4103,0.2756,0.4375,0.4103,Jubilee Hills PS,1.7093333388641876
Thimmapur,17.584332,78.573747,6.593,71,Kothur Police Station,0.17599574776202015,18,29.1,HIGH,0.7644,0.1026,0.2244,0.2981,0.2244,0.7644,0.2981,Bollarum PS,9.363910920759187
Koti,17.505129,78.641977,4.653,73,Koti Police Station,0.13281156369045846,10,48.59,MEDIUM,0.9279,0.5353,0.2452,0.1266,0.2452,0.9279,0.1266,Bollarum PS,13.058929692759015
Suraram,17.54383,78.318674,4.599,126,Dundigal Police Station,0.11217875763243841,25,47.48,MEDIUM,0.0929,0.5545,0.6186,0.4888,0.6186,0.0929,0.4888,Jubilee Hills PS,15.828687375493502
Gunrock Enclave,17.656987,78.274459,4.627,47,Karkhana Police Station,0.06464090388840624,7,37.36,MEDIUM,0.5978,0.5481,0.0946,0.0641,0.0946,0.5978,0.0641,Jubilee Hills PS,28.940161410068292
Golkonda,17.382932,78.515318,5.334,88,Golconda Police Station,0.72574426277104,22,38.32,MEDIUM,0.4375,0.3638,0.3638,0.4103,0.3638,0.4375,0.4103,Amberpet Police Station,0.7557916784124356
Qutub Shahi Tombs,17.389563,78.395482,6.914,138,Golconda Police Station,0.6542887785274171,28,37.52,MEDIUM,0.4375,0.0641,0.6875,0.5577,0.6875,0.4375,0.5577,Golconda PS,1.0567542431360724
Peerancheru,17.68306,78.511059,5.477,219,Rajendranagar Police Station,0.09806834385764791,69,48.43,MEDIUM,0.016,0.3141,0.8686,0.9487,0.8686,0.016,0.9487,Bollarum PS,18.393940810330395
New Mallepally,17.430507,78.453308,7.579,35,Habeebnagar Police Station,0.5005356983190256,26,25.4,HIGH,0.9279,0.0096,0.0449,0.5112,0.0449,0.9279,0.5112,Banjara Hills PS,1.9957190000967
Adikmet,17.63147,78.422177,5.983,42,Nallakunta Police Station,0.10919653522350284,22,26.28,HIGH,0.5978,0.2051,0.0673,0.4103,0.0673,0.5978,0.4103,Bollarum PS,16.31559944559057
Sivarampalli,17.1587,78.540893,4.372,126,Rajendranagar Police Station,0.09265130392007434,24,48.03,MEDIUM,0.016,0.6122,0.6186,0.4663,0.6186,0.016,0.4663,Chandrayangutta PS,19.58631250052671
Ram Nagar,17.559277,78.54182,3.414,154,Musheerabad Police Station,0.27864651915756616,19,74.52,LOW,0.7644,0.8237,0.7692,0.3205,0.7692,0.7644,0.3205,Bollarum PS,5.177552427522199
New Malakpet,17.632487,78.475654,4.275,275,Malakpet Police Station,0.12844267906785958,41,70.95,LOW,0.4375,0.641,0.9455,0.8189,0.9455,0.4375,0.8189,Bollarum PS,13.571148270298444
Falaknuma,17.182927,78.372042,5.958,120,Falaknuma Police Station,0.09802847372118816,17,43.65,MEDIUM,0.7644,0.2083,0.5769,0.2724,0.5769,0.7644,0.2724,"Out Post chandrayangutta PS

",18.402235433027194
Pochampally,17.284525,78.553321,4.792,167,Bhuvanagiri Police Station,0.19509390391177184,24,68.27,LOW,0.9279,0.5096,0.8221,0.4663,0.8221,0.9279,0.4663,"Pisal Banda PS(Old Santoshnagar PS)

",8.251473571949582
Muthangi,17.283932,78.553372,5.106,114,Patancheru Police Station,0.1940611898880436,20,37.64,MEDIUM,0.0561,0.4263,0.5337,0.3462,0.5337,0.0561,0.3462,"Pisal Banda PS(Old Santoshnagar PS)

",8.30602770782672
Raj Bhavan Road,17.542861,78.289167,6.46,132,Punjagutta Police Station,0.10088955872301192,6,36.62,MEDIUM,0.5978,0.1186,0.6522,0.0353,0.6522,0.5978,0.0353,Jubilee Hills PS,17.823656930554296
Katedan,17.477264,78.403201,6.436,165,Mailardevpally Police Station,0.27676233362741776,22,48.81,MEDIUM,0.7644,0.125,0.8141,0.4103,0.8141,0.7644,0.4103,Jubilee Hills PS,5.226416881902848
Venkatapuram,17.145382,78.627145,2.796,250,Alwal Police Station,0.07308042692251814,56,77.72,LOW,0.258,0.9135,0.9006,0.9006,0.9006,0.258,0.9006,Chandrayangutta PS,25.36710887198914
Budvel,17.457204,78.50971,5.628,259,Rajendranagar Police Station,0.7157788098088846,21,43.03,MEDIUM,0.016,0.2821,0.9231,0.3734,0.9231,0.016,0.3734,Marredpally PS,0.7941592746144677
Chintalkunta,17.497723,78.536522,6.885,148,LB Nagar Police Station,0.4106138588831933,17,33.21,HIGH,0.258,0.0705,0.75,0.2724,0.75,0.258,0.2724,Bollarum PS,2.870756202529776
Ramgopalpet,17.206784,78.469845,3.783,91,Ramgopalpet Police Station,0.1362900986318852,15,61.96,LOW,0.9279,0.7436,0.3814,0.2212,0.3814,0.9279,0.2212,"Out Post chandrayangutta PS

",12.674580325911496
Outer Ring Road,17.141987,78.562828,3.444,256,Shamshabad Police Station,0.0827511857272261,63,80.9,LOW,0.5978,0.8077,0.9135,0.9231,0.9135,0.5978,0.9231,Chandrayangutta PS,22.168837974027685
NH-9 Highway,17.201618,78.380497,5.471,82,Hayathnagar Police Station,0.11001652565705321,30,30.8,HIGH,0.133,0.3173,0.3125,0.6074,0.3125,0.133,0.6074,"Out Post chandrayangutta PS

",16.179087078558176
Surya Nagar Colony,17.334159,78.592784,6.157,128,Alwal Police Station,0.17463111440215282,38,39.12,MEDIUM,0.258,0.1763,0.6346,0.7869,0.6346,0.258,0.7869,"Pisal Banda PS(Old Santoshnagar PS)

",9.452712804628042
NH-7,17.627311,78.320431,4.504,146,Medchal Police Station,0.07749188448833338,40,65.38,LOW,0.5978,0.5801,0.7388,0.8061,0.7388,0.5978,0.8061,Jubilee Hills PS,23.809154251515274
R.K.Puram,17.157211,78.55517,2.399,75,Neredmet Police Station,0.08971768716838383,15,53.62,MEDIUM,0.258,0.9615,0.2596,0.2212,0.2596,0.258,0.2212,Chandrayangutta PS,20.292148439430484
Subhash Nagar,17.170608,78.66974,6.736,55,Jeedimetla Police Station,0.0716054493923251,29,18.43,HIGH,0.258,0.0865,0.133,0.5817,0.133,0.258,0.5817,"Pisal Banda PS(Old Santoshnagar PS)

",25.930835110635677
Jalpally,17.140642,78.324055,5.35,105,Pahadi Shareef Police Station,0.07354725113131874,21,37.26,MEDIUM,0.258,0.3558,0.4712,0.3734,0.4712,0.258,0.3734,"Out Post chandrayangutta PS

",25.19340246216676
Nagarjuna Sagar Road,17.150614,78.617245,7.931,97,Ibrahimpatnam Police Station,0.076147515750967,14,20.19,HIGH,0.258,0.0032,0.4295,0.2019,0.4295,0.258,0.2019,Chandrayangutta PS,24.26480956438296
Kalasiguda,17.675394,78.311919,3.958,96,Gopalapuram Police Station,0.06638065966375123,10,50.79,MEDIUM,0.4375,0.7019,0.4231,0.1266,0.4231,0.4375,0.1266,Bollarum PS,28.12925768033831
Bahadurpura,17.675645,78.554806,2.344,251,Bahadurpura Police Station,0.1002966233473694,46,92.87,LOW,0.9279,0.9679,0.9038,0.8478,0.9038,0.9279,0.8478,Bollarum PS,17.9408507809197
Chowdhariguda,17.256743,78.30459,7.043,44,Ghatkesar Police Station,0.09843536281368291,6,13.43,HIGH,0.4375,0.0481,0.0801,0.0353,0.0801,0.4375,0.0353,Golconda PS,18.3179014414319
Narsapur,17.142183,78.293304,6.225,150,Narsapur Police Station,0.0685567025722795,30,53.78,MEDIUM,0.9279,0.1603,0.758,0.6074,0.758,0.9279,0.6074,"Out Post chandrayangutta PS

",27.17293167493572
Hakimpet,17.293714,78.237265,6.791,79,Alwal Police Station,0.08757855098499183,17,19.7,HIGH,0.258,0.0801,0.2869,0.2724,0.2869,0.258,0.2724,Golconda PS,20.836641820469673
Humayun Nagar,17.616691,78.540654,4.288,45,Humayun Nagar Police Station,0.15131632315751348,10,44.41,MEDIUM,0.7644,0.6314,0.0865,0.1266,0.0865,0.7644,0.1266,Bollarum PS,11.217344687381082
Moghalpura,17.268828,78.600873,5.334,131,Moghalpura Police Station,0.13243077754565266,19,52.42,MEDIUM,0.7644,0.3638,0.6458,0.3205,0.6458,0.7644,0.3205,"Pisal Banda PS(Old Santoshnagar PS)

",13.102229535053082
Abdullapurmet,17.463173,78.697979,4.914,321,Abdullapurmet Police Station,0.09434627510367424,65,76.27,LOW,0.9279,0.484,0.9679,0.9311,0.9679,0.9279,0.9311,Tukaramgat PS,19.19850516411232
Lothkunta,17.65431,78.460223,3.128,40,Alwal Police Station,0.10853937491877322,16,43.56,MEDIUM,0.258,0.8526,0.0625,0.242,0.0625,0.258,0.242,Bollarum PS,16.426492703654546
Mylargada,17.133414,78.649026,4.558,122,Chilakalguda Police Station,0.06704195775050364,7,45.99,MEDIUM,0.258,0.5673,0.5833,0.0641,0.5833,0.258,0.0641,"Pisal Banda PS(Old Santoshnagar PS)

",27.832064383367072
Dullapally,17.653867,78.452206,6.052,141,Petbasheerabad Police Station,0.10680536602777531,10,35.5,MEDIUM,0.258,0.1955,0.7083,0.1266,0.7083,0.258,0.1266,Bollarum PS,16.725650914204902
Neeladri Nagar,17.708994,78.420324,6.391,173,LB Nagar Police Station,0.07777603910783223,17,38.46,MEDIUM,0.258,0.1346,0.8397,0.2724,0.8397,0.258,0.2724,Bollarum PS,23.714860552709673
Kanchan Bagh,17.490637,78.727024,4.066,77,Kanchanbagh Police Station,0.08261534329660733,6,54.21,MEDIUM,0.9279,0.6795,0.2708,0.0353,0.2708,0.9279,0.0353,Bollarum PS,22.20857821554476
Saleem Nagar,17.636981,78.558149,2.993,80,Malakpet Police Station,0.12605918349893352,14,55.22,MEDIUM,0.4375,0.8878,0.2981,0.2019,0.2981,0.4375,0.2019,Bollarum PS,13.865563654209454
Kakaguda,17.715169,78.531005,5.504,97,Karkhana Police Station,0.08341739749083753,16,39.7,MEDIUM,0.5978,0.3109,0.4295,0.242,0.4295,0.5978,0.242,Bollarum PS,21.97581392082722
Pahadi Shareef,17.271463,78.598452,3.6,79,Pahadi Shareef Police Station,0.13587886066398933,16,47.34,MEDIUM,0.258,0.7788,0.2869,0.242,0.2869,0.258,0.242,"Pisal Banda PS(Old Santoshnagar PS)

",12.718993007644794
Kongara Kalan,17.526963,78.560146,3.51,304,Adibatla Police Station,0.31140681656724173,50,81.6,LOW,0.5978,0.8013,0.9631,0.8702,0.9631,0.5978,0.8702,Bollarum PS,4.422466990436423
Indresham,17.69052,78.48774,5.545,86,Patancheru Police Station,0.0930441052610466,9,24.28,HIGH,0.0561,0.2981,0.3397,0.1042,0.3397,0.0561,0.1042,Bollarum PS,19.495182251350105
Riyasat Nagar,17.475201,78.650823,5.534,147,Santoshnagar Police Station,0.1213984473530144,54,58.53,MEDIUM,0.7644,0.3013,0.7436,0.8878,0.7436,0.7644,0.8878,Tukaramgat PS,14.47467528298943
Karwan,17.52392,78.276843,3.641,94,Kulsumpura Police Station,0.1028242033418481,11,63.27,LOW,0.9279,0.7724,0.4119,0.1458,0.4119,0.9279,0.1458,Jubilee Hills PS,17.45067343095112
SD Road,17.67808,78.392486,3.255,237,Gopalapuram Police Station,0.08218496894564727,55,77.93,LOW,0.4375,0.8397,0.8878,0.8958,0.8878,0.4375,0.8958,Bollarum PS,22.33535019430004
Yakutpura,17.515823,78.592673,7.076,124,Rein Bazar Police Station,0.20498167366757689,28,43.96,MEDIUM,0.9279,0.0449,0.601,0.5577,0.601,0.9279,0.5577,Bollarum PS,7.75696980230263
Jawahar Nagar,17.704273,78.545336,5.953,167,Jawaharnagar Police Station,0.08729802352965595,22,46.11,MEDIUM,0.4375,0.2147,0.8221,0.4103,0.8221,0.4375,0.4103,Bollarum PS,20.910026128146892
Walker Town,17.578913,78.663987,2.722,204,Chilakalguda Police Station,0.10665810132565577,71,77.44,LOW,0.258,0.9231,0.859,0.9583,0.859,0.258,0.9583,Bollarum PS,16.751505747261184
Uppaguda,17.452993,78.554093,6.09,59,Chatrinaka Police Station,0.33768766140634227,8,31.17,HIGH,0.9279,0.1859,0.1442,0.0849,0.1442,0.9279,0.0849,Tukaramgat PS,3.922632741956728
Nawab Saheb Kunta,17.350492,78.712867,4.793,134,Falaknuma Police Station,0.08612006053770999,32,62.0,LOW,0.7644,0.5064,0.6635,0.6554,0.6635,0.7644,0.6554,Amberpet Police Station,21.22339287167879
Lallaguda,17.615812,78.602149,5.079,135,Lallaguda Police Station,0.12518035086722298,9,47.56,MEDIUM,0.4375,0.4407,0.6715,0.1042,0.6715,0.4375,0.1042,Bollarum PS,13.976948348078778
Vayupuri,17.209682,78.616445,4.415,162,Neredmet Police Station,0.09552220204743861,54,62.47,LOW,0.258,0.6026,0.8109,0.8878,0.8109,0.258,0.8878,"Pisal Banda PS(Old Santoshnagar PS)

",18.937540772005573
Pavanpuri Colony,17.300275,78.367289,5.22,159,Sainikpuri Police Station,0.15610483069579767,42,66.19,LOW,0.9279,0.3814,0.8029,0.8285,0.8029,0.9279,0.8285,Golconda PS,10.811903328586999
Lumbini Park,17.153665,78.399454,2.983,157,Saifabad Police Station,0.09110176449116049,27,69.58,LOW,0.258,0.891,0.7804,0.5369,0.7804,0.258,0.5369,"Out Post chandrayangutta PS

",19.953471605855206
Saifabad,17.540934,78.312824,3.697,124,Saifabad Police Station,0.11133694070546721,23,58.0,MEDIUM,0.258,0.7596,0.601,0.4423,0.601,0.258,0.4423,Jubilee Hills PS,15.963489811443955
Narketpalli,17.643312,78.434083,5.024,62,Narketpally Police Station,0.10732186617077862,34,48.73,MEDIUM,0.9279,0.4615,0.1571,0.7003,0.1571,0.9279,0.7003,Bollarum PS,16.63553133540792
Burgul,17.659463,78.302422,4.419,232,Farooqnagar Police Station,0.06700274364610112,30,71.78,LOW,0.7644,0.5994,0.8814,0.6074,0.8814,0.7644,0.6074,Jubilee Hills PS,27.849523932388696
Osman Sagar Road,17.098315,78.243413,5.339,169,Gandipet Police Station,0.055004323094785326,26,62.93,LOW,0.9279,0.359,0.8301,0.5112,0.8301,0.9279,0.5112,"Out Post chandrayangutta PS

",34.36077834379548
Vattepally,17.648221,78.512703,3.579,133,Mailardevpally Police Station,0.12109361922353205,18,69.52,LOW,0.7644,0.7885,0.6571,0.2981,0.6571,0.7644,0.2981,Bollarum PS,14.516146869044452
Zahirabad,17.496374,78.16184,3.136,140,Zaheerabad Town Police Station,0.06842178337100135,13,75.3,LOW,0.9279,0.8462,0.7035,0.1795,0.7035,0.9279,0.1795,Jubilee Hills PS,27.230457048385613
Mazidpur,17.359699,78.241968,5.255,193,Shamirpet Police Station,0.10164073641224165,43,57.9,MEDIUM,0.4375,0.3782,0.8558,0.8349,0.8558,0.4375,0.8349,Golconda PS,17.67714983772116
Sultanpur,17.619271,78.65733,4.601,155,BDL Bhanur Police Station,0.09778169250523054,24,52.64,MEDIUM,0.133,0.5513,0.7756,0.4663,0.7756,0.133,0.4663,Bollarum PS,18.45372654899603
Jam Bagh,17.521327,78.509727,4.582,145,Abids Police Station,0.6427461521930434,37,67.15,LOW,0.7644,0.5609,0.726,0.7644,0.726,0.7644,0.7644,Bollarum PS,1.111648343869535
Pulimamidi,17.394002,78.346198,6.32,107,Kandukur Police Station,0.2411339208322674,36,36.59,MEDIUM,0.4375,0.149,0.4824,0.7404,0.4824,0.4375,0.7404,Golconda PS,6.294146228357473
Hanuman Nagar Colony,17.430024,78.326411,5.093,111,Malkajgiri Police Station,0.18560075949358587,33,48.08,MEDIUM,0.4375,0.4359,0.5032,0.6795,0.5032,0.4375,0.6795,Jubilee Hills PS,8.775817973250899
Medak Road,17.273981,78.263479,7.559,131,Medchal Police Station,0.09146770845547761,17,34.57,HIGH,0.5978,0.0128,0.6458,0.2724,0.6458,0.5978,0.2724,Golconda PS,19.86564016713626
Adarsh Nagar,17.551231,78.300571,2.865,102,Saifabad Police Station,0.10164316736120366,7,55.54,MEDIUM,0.258,0.9071,0.4487,0.0641,0.4487,0.258,0.0641,Jubilee Hills PS,17.676679229138063
Dayara,17.57961,78.701452,5.036,139,Keesara Police Station,0.08900028559746082,37,51.75,MEDIUM,0.258,0.4519,0.6955,0.7644,0.6955,0.258,0.7644,Bollarum PS,20.471838001125022
Sheriguda,17.1606,78.299871,2.976,252,Ibrahimpatnam Police Station,0.07348786053275862,45,76.55,LOW,0.258,0.8942,0.9071,0.8413,0.9071,0.258,0.8413,"Out Post chandrayangutta PS

",25.215379322527177
Rendlagadda,17.171363,78.441834,5.86,154,Keesara Police Station,0.10614668091407398,46,46.39,MEDIUM,0.258,0.242,0.7692,0.8478,0.7692,0.258,0.8478,"Out Post chandrayangutta PS

",16.841851509412766
Majarguda,17.369558,78.495141,4.117,124,Shamirpet Police Station,0.7401874715657896,58,62.53,LOW,0.4375,0.6667,0.601,0.9087,0.601,0.4375,0.9087,"Dabeerpura PS
",0.7020181735435324
Gulshan-e-Iqbal Colony,17.256038,78.536409,5.025,87,Chandrayangutta Police Station,0.17039708002299148,24,48.86,MEDIUM,0.7644,0.4583,0.3526,0.4663,0.3526,0.7644,0.4663,Chandrayangutta PS,9.737290332264745
Lal Darwaza,17.525098,78.629044,4.651,113,Moghalpura Police Station,0.14664685455530552,10,53.67,MEDIUM,0.7644,0.5385,0.5192,0.1266,0.5192,0.7644,0.1266,Bollarum PS,11.638205920371323
Tupran,17.375891,78.568242,4.788,56,Toopran Police Station,0.2619864408690305,17,42.72,MEDIUM,0.7644,0.5144,0.1378,0.2724,0.1378,0.7644,0.2724,Amberpet Police Station,5.633982863257488
Bairagiguda,17.56699,78.396419,6.216,94,Narsingi Police Station,0.12553369692174932,35,28.73,HIGH,0.133,0.1635,0.4119,0.7179,0.4119,0.133,0.7179,Police Line Bowenpally & PS,13.931977222392232
Dhoolpet,17.659407,78.352827,3.015,15,Mangalhat Police Station,0.07792206334260864,6,54.46,MEDIUM,0.9279,0.8814,0.0096,0.0353,0.0096,0.9279,0.0353,Bollarum PS,23.666671468982756
Ghansi Bazar,17.252649,78.376882,4.452,98,Charminar Police Station,0.14002684563780946,38,63.22,LOW,0.9279,0.5929,0.4359,0.7869,0.4359,0.9279,0.7869,"Out Post chandrayangutta PS

",12.28297546009969
NTR Nagar,17.268199,78.608174,3.109,93,LB Nagar Police Station,0.1269036517356037,27,57.08,MEDIUM,0.258,0.8622,0.4022,0.5369,0.4022,0.258,0.5369,"Pisal Banda PS(Old Santoshnagar PS)

",13.759987775346943
Rasoolpura,17.396089,78.479126,4.076,25,Begumpet Police Station,0.7468894729962414,15,41.65,MEDIUM,0.5978,0.6763,0.0144,0.2212,0.0144,0.5978,0.2212,"Narayanaguda Tr. PS

",0.6777723777210938
Chintapallyguda,17.596117,78.551186,4.513,110,Ibrahimpatnam Police Station,0.17655305919947675,21,46.88,MEDIUM,0.258,0.5769,0.4968,0.3734,0.4968,0.258,0.3734,Bollarum PS,9.328039338816097
Venkat Reddy Colony,17.372469,78.476398,6.086,38,Ramanthapur Police Station,0.945828177567248,20,31.17,HIGH,0.9279,0.1891,0.0529,0.3462,0.0529,0.9279,0.3462,Afzalgunj PS Building,0.11454897140427059
Jeera,17.370872,78.349115,3.946,87,Gopalapuram Police Station,0.23932328567379052,16,50.08,MEDIUM,0.4375,0.7083,0.3526,0.242,0.3526,0.4375,0.242,Golconda PS,6.356896799110884
Shahbad,17.460423,78.542639,3.648,62,Shahbad Police Station,0.39264935299513887,36,61.44,LOW,0.9279,0.7692,0.1571,0.7404,0.1571,0.9279,0.7404,Tukaramgat PS,3.0936031977232386
Dasarlapally,17.498132,78.398242,4.584,71,Kandukur Police Station,0.208395267442527,31,44.1,MEDIUM,0.4375,0.5577,0.2244,0.6314,0.2244,0.4375,0.6314,Jubilee Hills PS,7.597146924421288
Shameerpet,17.394626,78.241762,4.869,291,Shamirpet Police Station,0.10325382975092103,80,66.96,LOW,0.4375,0.4936,0.9583,0.9712,0.9583,0.4375,0.9712,Golconda PS,17.36974158561087
Sindhi Colony,17.605732,78.512063,3.9,130,Begumpet Police Station,0.16941097159541765,14,62.31,LOW,0.5978,0.7276,0.641,0.2019,0.641,0.5978,0.2019,Bollarum PS,9.805610824169888
Siddhartha Nagar,17.507793,78.683907,6.149,115,SR Nagar Police Station,0.10275273487557147,18,27.68,HIGH,0.0561,0.1795,0.5465,0.2981,0.5465,0.0561,0.2981,Bollarum PS,17.464202119991278
Edulanagulapalle,17.660869,78.501674,1.866,283,BDL Bhanur Police Station,0.11100710250609122,70,80.62,LOW,0.133,0.9968,0.9519,0.9535,0.9519,0.133,0.9535,Bollarum PS,16.016865181128885
Rani Gunj,17.625243,78.569128,5.436,27,Gopalapuram Police Station,0.13290679651188442,37,30.29,HIGH,0.4375,0.3269,0.0272,0.7644,0.0272,0.4375,0.7644,Bollarum PS,13.048139391586055
Afzal Gunj,17.306128,78.558906,6.4,151,Afzalgunj Police Station,0.22096889757191687,39,54.55,MEDIUM,0.9279,0.1282,0.7628,0.7981,0.7628,0.9279,0.7981,"Pisal Banda PS(Old Santoshnagar PS)

",7.0510475545504185
Kazipally,17.412577,78.568948,6.014,92,Balanagar Police Station,0.2556003418837294,35,42.28,MEDIUM,0.7644,0.2019,0.391,0.7179,0.391,0.7644,0.7179,"Nallakunta Old PS

",5.824715668454718
Moti Ganpur,17.331112,78.535707,4.278,124,Patancheru Police Station,0.3593983145548662,41,52.85,MEDIUM,0.0561,0.6378,0.601,0.8189,0.601,0.0561,0.8189,"Pisal Banda PS(Old Santoshnagar PS)

",3.5648563696719213
Maisireddipalle,17.288,78.26167,4.456,92,Toopran Police Station,0.09505934638308859,13,52.28,MEDIUM,0.7644,0.5865,0.391,0.1795,0.391,0.7644,0.1795,Golconda PS,19.039488236538173
Mirkhanpet,17.209646,78.491256,5.639,261,Kandukur Police Station,0.13698769378710182,49,56.31,MEDIUM,0.4375,0.2788,0.9263,0.8622,0.9263,0.4375,0.8622,"Out Post chandrayangutta PS

",12.599851597679146
Ravulapalle Khurd,17.385398,78.678461,3.207,25,Farooqnagar Police Station,0.10455695610517514,33,56.23,MEDIUM,0.7644,0.8429,0.0144,0.6795,0.0144,0.7644,0.6795,Amberpet Police Station,17.128330380889963
Tulekhurd,17.597671,78.697101,3.985,51,Ibrahimpatnam Police Station,0.08767644565276025,19,39.54,MEDIUM,0.258,0.6987,0.1074,0.3205,0.1074,0.258,0.3205,Bollarum PS,20.811143689844997
Toroor,17.223799,78.682291,4.689,124,Hayathnagar Police Station,0.07989162719540692,50,50.42,MEDIUM,0.133,0.5256,0.601,0.8702,0.601,0.133,0.8702,"Pisal Banda PS(Old Santoshnagar PS)

",23.03391244126497
Kurmaguda,17.301241,78.260513,3.378,180,Saidabad Police Station,0.09852481757627314,73,80.16,LOW,0.5978,0.8301,0.8462,0.9615,0.8462,0.5978,0.9615,Golconda PS,18.29945397718394
Seetharampally,17.663423,78.623901,5.595,174,Moinabad Police Station,0.09256633963990385,79,58.46,MEDIUM,0.5978,0.2885,0.8429,0.9679,0.8429,0.5978,0.9679,Bollarum PS,19.606126025726876
Bogaram,17.235077,78.463517,5.102,106,Keesara Police Station,0.1733301142126357,5,36.79,MEDIUM,0.258,0.4311,0.476,0.0112,0.476,0.258,0.0112,"Out Post chandrayangutta PS

",9.53867583302037
