police_property,latitude,longitude
Banjara Hills PS,17.423051842195797,78.43619625352656
Begumbazar PS,17.382586512709825,78.47045146711685
Golconda PS,17.390448334038723,78.40539750475249
Jubilee Hills PS,17.43060325248873,78.40912999439273
Mangalhat PS,17.37839245959049,78.46076135413617
Shahinayathgunj new  PS,17.37653971108745,78.46956044646493
"Bansilalpet Old Traffic PS,",17.43111384154843,78.4924373317577
Begumpet PS,17.44516199134444,78.47394511198175
Begumpet Traffic PS,17.443793813813734,78.47846588040967
Bollarum PS,17.51783748731024,78.51955122623737
Chilkalguda PS,17.430695900791868,78.51353880833102
Karkhana PS,17.461866935526206,78.50049772104443
Mahankali PS,17.435993313817704,78.49096729321961
Mahankali Traffic PS,17.433635967978365,78.4959140390851
Market old  PS,17.437034492944417,78.49634364306264
Marredpally PS,17.451382682131534,78.50537252510067
Police Line Bowenpally & PS,17.46454543206288,78.47206165436793
Tirmulgherry Traffic PS,17.472322709895035,78.50964905098365
Tukaramgat PS,17.445654282676692,78.51792325835994
Kachiguda Traffic PS,17.382364012563677,78.4935939023342
Afzalgunj PS Building,17.372313119677994,78.47533102756461
Malakpet PS,17.370483105794303,78.51209037039057
Amberpet old PS,17.392285298560875,78.51668184863159
Chadarghat PS Building,17.378050401742467,78.49183436096206
Sultan Bazar PS Building,17.388572498923793,78.48736573043266
Sultan Bazar Traffic PS,17.38219991118553,78.48178693175787
Amberpet Police Station,17.389511811780682,78.51710408360792
Bhavani Nagar PS,17.35488264225087,78.48763870304802
Chandrayangutta PS,17.32486980020091,78.47971175358313
"Out Post chandrayangutta PS

",17.320755115288286,78.46796600585353
"Out Post Jamal Colony, Chandrayangutta PS

",17.34213120269909,78.49436614857325
"Chatrinaka PS (New )

",17.33987991208103,78.48010891282199
"Rein Bazar PS

",17.361815753205235,78.48848216038299
"Dabeerpura PS
",17.366561442046592,78.48931858991676
"Charminar PS & ACP Charminar

",17.36190353391467,78.47440837561214
"Outpost Ghansibazar (Charminar PS)

",17.36685664870398,78.47157162126837
"Outpost High Court (Charminar PS)

",17.368307526976015,78.47208306975918
"Hussainialam PS

",17.358117398313993,78.46409324707112
"Outpost Puranapul (Hussainialam PS)

",17.36568944910441,78.45945066295991
"Outpost Tagarikanaka ,(Hussainialam PS)

",17.36271661606015,78.46865934709169
Police Quarter H B Colony (Bahadurpura PS),17.35944475039774,78.45342072287023
"Charminar Tr. PS


",17.3617769711545,78.47516624126203
Charminar Tr. PS,17.361627855019872,78.4751459251357
"Pisal Banda PS(Old Santoshnagar PS)

",17.341960633353125,78.50410306542845
"Old Mirchowk PS Kalikamman

",17.362980602676938,78.4768776545829
"Old Yakutpura Tr.PS

",17.374667523509096,78.48452666749756
Mirchowk Old Tr.PS,17.371234456045084,78.48196843307218
Outpost Shakkergunj (Shalibanda PS),17.350721215261615,78.47026997104722
"Outpost Rooplal Bazar(Shalibanda PS)

",17.351624354269358,78.47205676730108
"Moghalpura PS

",17.35057888310834,78.47884911365695
"Police Line Rangeli Kiddike (Moghalpura PS)

",17.35898773088571,78.48312802625509
"Out Post MosaBowli(Charminar PS)

",17.36502038002323,78.46739095936547
"Narayanaguda New PS Building  

",17.397656549049593,78.49000603371934
"Narayanaguda Old PS Building 

",17.395421907336797,78.49062107946591
Abids Road PS / ACP Division Office/Tr.PS Abids,17.389027786901767,78.47592937104115
"Begum Bazar New PS Building 

",17.382986601630662,78.47053635394808
"Begum Bazar Old PS Building

",17.379740010061003,78.47489308345753
"Narayanaguda Tr. PS

",17.394899002366238,78.48539058101356
"Chikkadpally PS

",17.408889814641352,78.49738971584661
"Outpost Gunfoundry(Abids PS)

",17.38309516882346,78.46213406287892
"Nampally Tr. Old PS

",17.392412670906268,78.46889044921392
"Saifabad Old PS

",17.40260950418656,78.4628540734598
"Saifabad PS

",17.40320795518996,78.47245161532967
Nampally PS & Tr.PS(TSFSL),17.399771816049753,78.46035141049883
Nampally PS & Tr.PS(PS),17.40005915866965,78.46047132004604
Nampally PS & Tr.PS(Tr.PS),17.39976648236039,78.45955523636131
"Nallakunta Old PS

",17.40809084718139,78.51425169126888
"Chikkadpally Tr.PS

",17.41231853435663,78.4979642594983
"Nallakunta Tr.PS

",17.407716031874426,78.51323553085685
"Musheerabad PS

",17.41938218594895,78.50027317304769
"Out Post Upper Tank Band(Chikkadpally PS )
",17.42093499280118,78.4840000135534
"Gandhinagar PS

",17.430629801392875,78.49703896281997
"Ramgopalpet PS

",17.436384187174937,78.48844989845288
"Saifabad Tr.PS

",17.411131855910792,78.4647292173209
