area,nearest_police_station,nearest_police_distance_km,police_coverage_score
Gachibowli,"Out Post chandrayangutta PS

",15.941,0.1115
Kondapur,Police Line Bowenpally & PS,13.365,0.1302
Kukatpally,Amberpet Police Station,14.491,0.1213
Miyapur,"Pisal Banda PS(Old Santoshnagar PS)

",1.065,0.6526
Manikonda,"Out Post chandrayangutta PS

",15.726,0.1128
Hitech City,Bollarum PS,14.827,0.1189
Madhapur,Jubilee Hills PS,20.313,0.0896
Nallagandla,Bollarum PS,18.19,0.0991
Madinaguda,"Out Post chandrayangutta PS

",24.809,0.0746
Narsingi,Amberpet old PS,3.434,0.368
Chanda Nagar,Jubilee Hills PS,4.607,0.3027
Appa Junction,Bollarum PS,16.669,0.1071
Nizampet,Bollarum PS,22.763,0.0808
Banjara Hills,Bollarum PS,24.221,0.0763
Secunderabad,Golconda PS,34.774,0.0544
Begumpet,Chandrayangutta PS,36.477,0.052
Bachupally,Bollarum PS,22.423,0.0819
Kompally,Bollarum PS,9.344,0.1763
KPHB Colony,"Pisal Banda PS(Old Santoshnagar PS)

",6.366,0.2391
Adibatla,Chandrayangutta PS,18.034,0.0998
Gajularamaram,Amberpet Police Station,20.675,0.0882
Hafeezpet,Police Line Bowenpally & PS,6.42,0.2375
Pragathi Nagar,"Out Post chandrayangutta PS

",17.315,0.1035
Gopanpally,Bollarum PS,15.032,0.1174
Puppalaguda,Tukaramgat PS,19.075,0.0949
Shadnagar,"Out Post chandrayangutta PS

",10.801,0.1562
Jubilee Hills,Police Line Bowenpally & PS,0.238,0.8937
Attapur,Golconda PS,4.731,0.2972
Ameerpet,Chandrayangutta PS,21.465,0.0852
Alwal,Bollarum PS,12.814,0.135
Beeramguda,"Out Post chandrayangutta PS

",23.241,0.0792
Uppal,Chandrayangutta PS,14.199,0.1235
Bandlaguda,Golconda PS,28.26,0.0661
Tellapur,Golconda PS,23.648,0.078
Patancheru,Jubilee Hills PS,28.351,0.0659
Kollur,Bollarum PS,14.643,0.1202
Shamshabad,Bollarum PS,5.231,0.2766
Dilsukhnagar,Tirmulgherry Traffic PS,1.121,0.6408
Malkajgiri,Tukaramgat PS,15.841,0.1121
Boduppal,Bollarum PS,16.505,0.1081
Srisailam Highway,Tukaramgat PS,39.702,0.048
Yapral,"Pisal Banda PS(Old Santoshnagar PS)

",23.518,0.0784
LB Nagar,"Pisal Banda PS(Old Santoshnagar PS)

",20.391,0.0893
Sanath Nagar,Chandrayangutta PS,3.745,0.3481
Sainikpuri,Bollarum PS,23.429,0.0787
Nagole,"Rein Bazar PS

",1.413,0.586
Mokila,"Pisal Banda PS(Old Santoshnagar PS)

",18.206,0.099
Hayathnagar,Amberpet Police Station,13.128,0.1322
Bhanur,Jubilee Hills PS,26.58,0.07
Dammaiguda,"Pisal Banda PS(Old Santoshnagar PS)

",10.622,0.1585
Kokapet,Golconda PS,17.733,0.1014
Tolichowki,"Out Post chandrayangutta PS

",7.547,0.2095
Himayatnagar,Bollarum PS,8.95,0.1827
Vanasthalipuram,Bollarum PS,13.127,0.1322
Moosapet,Chandrayangutta PS,3.784,0.3458
Motinagar,Bollarum PS,9.46,0.1745
Lingampally,Golconda PS,3.501,0.3635
Nizampet Road,Bollarum PS,1.257,0.614
Moinabad,Golconda PS,32.553,0.0579
Whitefield,Jubilee Hills PS,29.781,0.0629
Rajendra Nagar,Golconda PS,2.025,0.4969
Financial District,"Out Post chandrayangutta PS

",16.753,0.1066
Shaikpet,Golconda PS,8.983,0.1821
Chilkur,"Pisal Banda PS(Old Santoshnagar PS)

",9.907,0.168
Mehdipatnam,Bollarum PS,15.212,0.1162
Shamirpet,Bollarum PS,34.185,0.0553
Habsiguda,"Pisal Banda PS(Old Santoshnagar PS)

",6.34,0.2398
Ameenpur,Jubilee Hills PS,8.783,0.1855
Bolaram,Bollarum PS,12.037,0.1425
Chintal,Tukaramgat PS,20.89,0.0874
Rampally,Amberpet Police Station,21.125,0.0865
Bibinagar,"Out Post chandrayangutta PS

",18.797,0.0962
Nanakramguda,Jubilee Hills PS,11.991,0.1429
Kothapet,"Out Post chandrayangutta PS

",3.712,0.3501
Nacharam,Amberpet Police Station,21.27,0.0859
Ghatkesar,Bollarum PS,26.657,0.0698
Kothaguda,"Out Post chandrayangutta PS

",24.487,0.0755
Mallapur,Bollarum PS,21.603,0.0847
West Marredpally,Bollarum PS,15.667,0.1132
AS Rao Nagar,"Out Post Jamal Colony, Chandrayangutta PS

",0.781,0.7193
Tarnaka,"Out Post chandrayangutta PS

",17.071,0.1049
Tukkuguda,Golconda PS,12.495,0.138
Trimulgherry,Bollarum PS,3.803,0.3446
Bowenpally,Bollarum PS,21.076,0.0867
Kapra,Amberpet Police Station,6.634,0.2317
Kismatpur,"Out Post chandrayangutta PS

",30.3,0.0619
ECIL,Malakpet PS,14.919,0.1182
Ramanthapur,Bollarum PS,2.159,0.4809
Suchitra Road,"Pisal Banda PS(Old Santoshnagar PS)

",9.996,0.1667
Kavadiguda,Bollarum PS,4.017,0.3324
Kachiguda,Police Line Bowenpally & PS,11.175,0.1518
Nagaram,"Out Post chandrayangutta PS

",8.697,0.187
Sri Nagar Colony,"Rein Bazar PS

",1.637,0.5499
Osman Nagar,Jubilee Hills PS,15.815,0.1123
Rudraram,"Pisal Banda PS(Old Santoshnagar PS)

",30.362,0.0618
Borabanda,Jubilee Hills PS,22.66,0.0811
Hyder Nagar,Golconda PS,8.91,0.1833
Old Bowenpally,Chilkalguda PS,1.828,0.5225
Neredmet,Bollarum PS,20.072,0.0906
Somajiguda,Tirmulgherry Traffic PS,4.577,0.3041
Malakpet,"Pisal Banda PS(Old Santoshnagar PS)

",13.2,0.1316
Sanjeeva Reddy Nagar,Bollarum PS,9.706,0.1709
Pocharam,Bollarum PS,29.577,0.0633
Serilingampally,Golconda PS,13.639,0.1279
Balanagar,Jubilee Hills PS,12.813,0.135
Mallampet,"Pisal Banda PS(Old Santoshnagar PS)

",21.617,0.0847
Bhogaram,Bollarum PS,22.583,0.0814
Madhuranagar,"Out Post chandrayangutta PS

",16.996,0.1053
Mettuguda,"Pisal Banda PS(Old Santoshnagar PS)

",24.879,0.0744
Warangal Highway,Bollarum PS,15.187,0.1164
Kothur,Golconda PS,29.383,0.0637
Medchal,"Pisal Banda PS(Old Santoshnagar PS)

",23.558,0.0783
Srinagar Colony,"Pisal Banda PS(Old Santoshnagar PS)

",25.835,0.0719
Saroor Nagar,Golconda PS,2.352,0.4595
Maheshwaram,"Out Post chandrayangutta PS

",15.282,0.1157
Amberpet,Bollarum PS,7.517,0.2102
Langar Houz,Bollarum PS,14.843,0.1187
Shankarpalli,"Out Post chandrayangutta PS

",24.113,0.0766
Khairatabad,Bollarum PS,6.235,0.2429
Abids,Chandrayangutta PS,18.045,0.0998
Kavuri Hills,Golconda PS,20.052,0.0907
East Marredpally,Police Line Bowenpally & PS,12.399,0.1389
Dundigal,Bollarum PS,29.013,0.0645
Padma Rao Nagar,Chandrayangutta PS,18.532,0.0974
Medipalli,Bollarum PS,15.911,0.1117
Bhongir,Tukaramgat PS,38.02,0.05
Peerzadiguda,Bollarum PS,17.052,0.105
Bahadurpally,"Out Post chandrayangutta PS

",11.902,0.1439
Quthbullapur,Bollarum PS,8.219,0.1957
Shanthi Nagar,Chandrayangutta PS,2.986,0.4011
Nallakunta,"Pisal Banda PS(Old Santoshnagar PS)

",3.705,0.3505
Gandi Maisamma,Bollarum PS,18.01,0.1
Badangpet,"Pisal Banda PS(Old Santoshnagar PS)

",37.377,0.0508
Masab Tank,Bollarum PS,2.414,0.4531
Ibrahimpatnam,"Pisal Banda PS(Old Santoshnagar PS)

",25.832,0.0719
Moula Ali,Tukaramgat PS,16.475,0.1083
Ramchandra Puram,Mangalhat PS,1.378,0.592
Saidabad,Bollarum PS,18.543,0.0974
Lakdi Ka Pul,Bollarum PS,18.397,0.0981
Punjagutta,Police Line Bowenpally & PS,17.169,0.1043
Cherlapally,Amberpet Police Station,17.27,0.1038
Gandhi Nagar,"Pisal Banda PS(Old Santoshnagar PS)

",15.763,0.1126
Manchirevula,Bollarum PS,21.98,0.0834
Hyderguda,Chandrayangutta PS,9.075,0.1806
Anandbagh,Bollarum PS,13.792,0.1266
Turkayamjal,Jubilee Hills PS,22.368,0.0821
Kushaiguda,Bollarum PS,4.85,0.292
Bowrampet,Jubilee Hills PS,18.886,0.0958
Velimela,Amberpet Police Station,24.06,0.0767
Jeedimetla,Jubilee Hills PS,8.299,0.1942
Upperpally,Bollarum PS,18.644,0.0969
Nandigama,"Out Post chandrayangutta PS

",24.258,0.0762
Musheerabad,Tukaramgat PS,10.546,0.1594
Balapur,"Out Post chandrayangutta PS

",22.273,0.0824
Chikkadapally,Bollarum PS,28.503,0.0656
Ramakrishnapuram,Jubilee Hills PS,19.535,0.0929
Gurram Guda,Bollarum PS,10.161,0.1645
Vijayawada Highway,Bollarum PS,27.94,0.0668
Hasmathpet,Tukaramgat PS,3.593,0.3576
New Nallakunta,Jubilee Hills PS,6.542,0.2341
Karmanghat,Police Quarter H B Colony (Bahadurpura PS),3.515,0.3626
Yousufguda,Golconda PS,3.853,0.3417
Basheerbagh,"Pisal Banda PS(Old Santoshnagar PS)

",13.845,0.1262
Meerpet,"Out Post chandrayangutta PS

",17.341,0.1034
Nampally,Malakpet PS,1.002,0.6662
Isnapur,Jubilee Hills PS,17.961,0.1002
Film Nagar,"Out Post chandrayangutta PS

",10.685,0.1577
Raikal,"Out Post chandrayangutta PS

",11.304,0.1503
Kowkur,Bollarum PS,4.617,0.3023
Lalapet,Police Line Bowenpally & PS,3.685,0.3518
Upparpally,Bollarum PS,26.24,0.0708
Patancheru-Shankarpalli Road,"Pisal Banda PS(Old Santoshnagar PS)

",24.53,0.0754
Kandukur,Bollarum PS,17.225,0.104
Sangareddy,Jubilee Hills PS,49.634,0.0387
Chevalla,Bollarum PS,18.423,0.0979
Manneguda,Amberpet old PS,11.654,0.1465
Almasguda,Tirmulgherry Traffic PS,1.83,0.5223
Bandlaguda - Nagole,Bollarum PS,9.553,0.1731
Gandipet,Jubilee Hills PS,12.343,0.1394
BN Reddy Nagar,"Out Post chandrayangutta PS

",7.161,0.2183
Narayanguda,Bollarum PS,17.15,0.1044
Mansoorabad,Chandrayangutta PS,15.697,0.113
Bhuvanagiri,Tukaramgat PS,39.958,0.0477
Gudimalkapur,"Out Post chandrayangutta PS

",10.482,0.1602
Ramoji Film City,Jubilee Hills PS,21.235,0.0861
Maruti Nagar,Jubilee Hills PS,12.497,0.138
Domalguda,"Out Post chandrayangutta PS

",11.268,0.1507
Hastinapuram,Jubilee Hills PS,11.818,0.1447
Champapet,Malakpet PS,10.027,0.1663
Patighanpur,Jubilee Hills PS,16.173,0.1101
Keesara,Bollarum PS,27.65,0.0675
Mehadipatnam,Golconda PS,10.491,0.1601
Karkhana,"Nallakunta Old PS

",3.621,0.3558
Santosh Nagar,"Nallakunta Old PS

",1.697,0.541
Sitaphalmandi,Bollarum PS,11.716,0.1458
Nadergul,"Pisal Banda PS(Old Santoshnagar PS)

",22.814,0.0806
Shamshabad Road,Bollarum PS,17.021,0.1051
Pet Basheerabad,"Out Post chandrayangutta PS

",22.79,0.0807
Bhoiguda,Bollarum PS,13.081,0.1326
Gundlapochampally,Bollarum PS,17.838,0.1008
Rai Durg,"Out Post chandrayangutta PS

",19.721,0.0921
Chandrayanagutta,Chandrayangutta PS,12.494,0.138
Gagillapur,"Out Post chandrayangutta PS

",18.153,0.0992
Erragadda,Jubilee Hills PS,11.939,0.1435
Rajeev Nagar,Jubilee Hills PS,12.231,0.1405
Moosarambagh,"Pisal Banda PS(Old Santoshnagar PS)

",18.15,0.0993
Prashanth Nagar,Jubilee Hills PS,1.709,0.5392
Thimmapur,Bollarum PS,9.364,0.176
Koti,Bollarum PS,13.059,0.1328
Suraram,Jubilee Hills PS,15.829,0.1122
Gunrock Enclave,Jubilee Hills PS,28.94,0.0646
Golkonda,Amberpet Police Station,0.756,0.7257
Qutub Shahi Tombs,Golconda PS,1.057,0.6543
Peerancheru,Bollarum PS,18.394,0.0981
New Mallepally,Banjara Hills PS,1.996,0.5005
Adikmet,Bollarum PS,16.316,0.1092
Sivarampalli,Chandrayangutta PS,19.586,0.0927
Ram Nagar,Bollarum PS,5.178,0.2786
New Malakpet,Bollarum PS,13.571,0.1284
Falaknuma,"Out Post chandrayangutta PS

",18.402,0.098
Pochampally,"Pisal Banda PS(Old Santoshnagar PS)

",8.251,0.1951
Muthangi,"Pisal Banda PS(Old Santoshnagar PS)

",8.306,0.1941
Raj Bhavan Road,Jubilee Hills PS,17.824,0.1009
Katedan,Jubilee Hills PS,5.226,0.2768
Venkatapuram,Chandrayangutta PS,25.367,0.0731
Budvel,Marredpally PS,0.794,0.7158
Chintalkunta,Bollarum PS,2.871,0.4106
Ramgopalpet,"Out Post chandrayangutta PS

",12.675,0.1363
Outer Ring Road,Chandrayangutta PS,22.169,0.0828
NH-9 Highway,"Out Post chandrayangutta PS

",16.179,0.11
Surya Nagar Colony,"Pisal Banda PS(Old Santoshnagar PS)

",9.453,0.1746
NH-7,Jubilee Hills PS,23.809,0.0775
R.K.Puram,Chandrayangutta PS,20.292,0.0897
Subhash Nagar,"Pisal Banda PS(Old Santoshnagar PS)

",25.931,0.0716
Jalpally,"Out Post chandrayangutta PS

",25.193,0.0735
Nagarjuna Sagar Road,Chandrayangutta PS,24.265,0.0761
Kalasiguda,Bollarum PS,28.129,0.0664
Bahadurpura,Bollarum PS,17.941,0.1003
Chowdhariguda,Golconda PS,18.318,0.0984
Narsapur,"Out Post chandrayangutta PS

",27.173,0.0686
Hakimpet,Golconda PS,20.837,0.0876
Humayun Nagar,Bollarum PS,11.217,0.1513
Moghalpura,"Pisal Banda PS(Old Santoshnagar PS)

",13.102,0.1324
Abdullapurmet,Tukaramgat PS,19.199,0.0943
Lothkunta,Bollarum PS,16.426,0.1085
Mylargada,"Pisal Banda PS(Old Santoshnagar PS)

",27.832,0.067
Dullapally,Bollarum PS,16.726,0.1068
Neeladri Nagar,Bollarum PS,23.715,0.0778
Kanchan Bagh,Bollarum PS,22.209,0.0826
Saleem Nagar,Bollarum PS,13.866,0.1261
Kakaguda,Bollarum PS,21.976,0.0834
Pahadi Shareef,"Pisal Banda PS(Old Santoshnagar PS)

",12.719,0.1359
Kongara Kalan,Bollarum PS,4.422,0.3114
Indresham,Bollarum PS,19.495,0.093
Riyasat Nagar,Tukaramgat PS,14.475,0.1214
Karwan,Jubilee Hills PS,17.451,0.1028
SD Road,Bollarum PS,22.335,0.0822
Yakutpura,Bollarum PS,7.757,0.205
Jawahar Nagar,Bollarum PS,20.91,0.0873
Walker Town,Bollarum PS,16.752,0.1067
Uppaguda,Tukaramgat PS,3.923,0.3377
Nawab Saheb Kunta,Amberpet Police Station,21.223,0.0861
Lallaguda,Bollarum PS,13.977,0.1252
Vayupuri,"Pisal Banda PS(Old Santoshnagar PS)

",18.938,0.0955
Pavanpuri Colony,Golconda PS,10.812,0.1561
Lumbini Park,"Out Post chandrayangutta PS

",19.953,0.0911
Saifabad,Jubilee Hills PS,15.963,0.1113
Narketpalli,Bollarum PS,16.636,0.1073
Burgul,Jubilee Hills PS,27.85,0.067
Osman Sagar Road,"Out Post chandrayangutta PS

",34.361,0.055
Vattepally,Bollarum PS,14.516,0.1211
Zahirabad,Jubilee Hills PS,27.23,0.0684
Mazidpur,Golconda PS,17.677,0.1016
Sultanpur,Bollarum PS,18.454,0.0978
Jam Bagh,Bollarum PS,1.112,0.6427
Pulimamidi,Golconda PS,6.294,0.2411
Hanuman Nagar Colony,Jubilee Hills PS,8.776,0.1856
Medak Road,Golconda PS,19.866,0.0915
Adarsh Nagar,Jubilee Hills PS,17.677,0.1016
Dayara,Bollarum PS,20.472,0.089
Sheriguda,"Out Post chandrayangutta PS

",25.215,0.0735
Rendlagadda,"Out Post chandrayangutta PS

",16.842,0.1061
Majarguda,"Dabeerpura PS
",0.702,0.7402
Gulshan-e-Iqbal Colony,Chandrayangutta PS,9.737,0.1704
Lal Darwaza,Bollarum PS,11.638,0.1466
Tupran,Amberpet Police Station,5.634,0.262
Bairagiguda,Police Line Bowenpally & PS,13.932,0.1255
Dhoolpet,Bollarum PS,23.667,0.0779
Ghansi Bazar,"Out Post chandrayangutta PS

",12.283,0.14
NTR Nagar,"Pisal Banda PS(Old Santoshnagar PS)

",13.76,0.1269
Rasoolpura,"Narayanaguda Tr. PS

",0.678,0.7469
Chintapallyguda,Bollarum PS,9.328,0.1766
Venkat Reddy Colony,Afzalgunj PS Building,0.115,0.9458
Jeera,Golconda PS,6.357,0.2393
Shahbad,Tukaramgat PS,3.094,0.3926
Dasarlapally,Jubilee Hills PS,7.597,0.2084
Shameerpet,Golconda PS,17.37,0.1033
Sindhi Colony,Bollarum PS,9.806,0.1694
Siddhartha Nagar,Bollarum PS,17.464,0.1028
Edulanagulapalle,Bollarum PS,16.017,0.111
Rani Gunj,Bollarum PS,13.048,0.1329
Afzal Gunj,"Pisal Banda PS(Old Santoshnagar PS)

",7.051,0.221
Kazipally,"Nallakunta Old PS

",5.825,0.2556
Moti Ganpur,"Pisal Banda PS(Old Santoshnagar PS)

",3.565,0.3594
Maisireddipalle,Golconda PS,19.039,0.0951
Mirkhanpet,"Out Post chandrayangutta PS

",12.6,0.137
Ravulapalle Khurd,Amberpet Police Station,17.128,0.1046
Tulekhurd,Bollarum PS,20.811,0.0877
Toroor,"Pisal Banda PS(Old Santoshnagar PS)

",23.034,0.0799
Kurmaguda,Golconda PS,18.299,0.0985
Seetharampally,Bollarum PS,19.606,0.0926
Bogaram,"Out Post chandrayangutta PS

",9.539,0.1733
