area,centroid_lat,centroid_lon
Gachibowli,17.223953,78.357229
Kondapur,17.549349,78.382752
Kukatpally,17.373652,78.652650
Miyapur,17.341996,78.514133
Manikonda,17.199545,78.391670
Hitech City,17.641101,78.466214
Madhapur,17.547651,78.262071
Nallagandla,17.678214,78.553367
Madinaguda,17.102511,78.516475
Narsingi,17.399182,78.548228
Chanda Nagar,17.421322,78.366810
Appa Junction,17.664487,78.486959
Nizampet,17.701506,78.424703
Banjara Hills,17.735365,78.507679
Secunderabad,17.180240,78.162902
Begumpet,17.018421,78.602240
Bachupally,17.707140,78.592468
Kompally,17.600330,78.536343
KPHB Colony,17.289556,78.528240
Adibatla,17.196386,78.583349
Gajularamaram,17.337753,78.704216
Hafeezpet,17.504688,78.428553
Pragathi Nagar,17.165037,78.468848
Gopanpally,17.635756,78.450198
Puppalaguda,17.446490,78.697742
Shadnagar,17.252680,78.395404
Jubilee Hills,17.463773,78.474153
Attapur,17.349395,78.393705
Ameerpet,17.178004,78.610889
Alwal,17.596252,78.430979
Beeramguda,17.112922,78.491173
Uppal,17.220241,78.556380
Bandlaguda,17.206840,78.221349
Tellapur,17.285935,78.211360
Patancheru,17.634315,78.248326
Kollur,17.486281,78.653607
Shamshabad,17.550631,78.554918
Dilsukhnagar,17.464140,78.515823
Malkajgiri,17.462721,78.666189
Boduppal,17.649940,78.590556
Srisailam Highway,17.413137,78.890595
Yapral,17.205047,78.672921
LB Nagar,17.223302,78.650534
Sanath Nagar,17.296600,78.498886
Sainikpuri,17.728488,78.514665
Nagole,17.357873,78.501136
Mokila,17.227273,78.626481
Hayathnagar,17.392505,78.640786
Bhanur,17.613554,78.247792
Dammaiguda,17.275062,78.575521
Kokapet,17.329342,78.251058
Tolichowki,17.261457,78.433378
Himayatnagar,17.563240,78.449853
Vanasthalipuram,17.631985,78.487968
Moosapet,17.292568,78.490913
Motinagar,17.481379,78.600150
Lingampally,17.360808,78.416538
Nizampet Road,17.518401,78.531392
Moinabad,17.262479,78.129574
Whitefield,17.623683,78.214484
Rajendra Nagar,17.408252,78.409420
Financial District,17.170591,78.455101
Shaikpet,17.385516,78.320897
Chilkur,17.289573,78.579594
Mehdipatnam,17.650926,78.552764
Shamirpet,17.723594,78.279877
Habsiguda,17.318856,78.558704
Ameenpur,17.469240,78.336918
Bolaram,17.621304,78.486164
Chintal,17.451262,78.714762
Rampally,17.392661,78.716157
Bibinagar,17.153473,78.493444
Nanakramguda,17.495902,78.319158
Kothapet,17.288308,78.476194
Nacharam,17.341204,78.711032
Ghatkesar,17.529929,78.770635
Kothaguda,17.115072,78.385605
Mallapur,17.683371,78.412847
West Marredpally,17.588753,78.647246
AS Rao Nagar,17.347951,78.498479
Tarnaka,17.172900,78.511255
Tukkuguda,17.325636,78.309221
Trimulgherry,17.551682,78.514376
Bowenpally,17.707349,78.523173
Kapra,17.379922,78.578805
Kismatpur,17.177126,78.225490
ECIL,17.333063,78.647082
Ramanthapur,17.507560,78.536827
Suchitra Road,17.280899,78.573214
Kavadiguda,17.547813,78.498412
Kachiguda,17.547920,78.413219
Nagaram,17.286321,78.394406
Sri Nagar Colony,17.357125,78.503105
Osman Nagar,17.566397,78.364795
Rudraram,17.221012,78.760482
Borabanda,17.609182,78.306185
Hyder Nagar,17.335728,78.344072
Old Bowenpally,17.425620,78.529928
Neredmet,17.545880,78.706557
Somajiguda,17.478951,78.552244
Malakpet,17.302068,78.621226
Sanjeeva Reddy Nagar,17.599348,78.552310
Pocharam,17.768962,78.427551
Serilingampally,17.319887,78.300285
Balanagar,17.453849,78.290826
Mallampet,17.225908,78.667443
Bhogaram,17.646510,78.684378
Madhuranagar,17.176930,78.522131
Mettuguda,17.236819,78.710943
Warangal Highway,17.621173,78.425874
Kothur,17.209284,78.203914
Medchal,17.250938,78.704479
Srinagar Colony,17.246177,78.725803
Saroor Nagar,17.385923,78.427054
Maheshwaram,17.204511,78.391185
Amberpet,17.556419,78.461335
Langar Houz,17.634244,78.588077
Shankarpalli,17.118279,78.386681
Khairatabad,17.535927,78.463892
Abids,17.180236,78.556768
Kavuri Hills,17.391905,78.216432
East Marredpally,17.549322,78.396107
Dundigal,17.726931,78.355789
Padma Rao Nagar,17.195720,78.590018
Medipalli,17.621221,78.415788
Bhongir,17.472933,78.875214
Peerzadiguda,17.632145,78.626781
Bahadurpally,17.274382,78.366925
Quthbullapur,17.495439,78.593410
Shanthi Nagar,17.313297,78.505095
Nallakunta,17.324606,78.533905
Gandi Maisamma,17.640839,78.630088
Badangpet,17.247311,78.841913
Masab Tank,17.534217,78.534499
Ibrahimpatnam,17.181797,78.680311
Moula Ali,17.428152,78.672131
Ramchandra Puram,17.378452,78.447775
Saidabad,17.676961,78.467221
Lakdi Ka Pul,17.680484,78.487743
Punjagutta,17.578921,78.363290
Cherlapally,17.396265,78.679704
Gandhi Nagar,17.233849,78.600132
Manchirevula,17.634508,78.352169
Hyderguda,17.247569,78.507122
Anandbagh,17.490648,78.646446
Turkayamjal,17.565192,78.252368
Kushaiguda,17.538382,78.479201
Bowrampet,17.498485,78.245917
Velimela,17.357429,78.741317
Jeedimetla,17.472842,78.344624
Upperpally,17.658791,78.424289
Nandigama,17.167022,78.305901
Musheerabad,17.438650,78.617063
Balapur,17.123140,78.433688
Chikkadapally,17.695691,78.713217
Ramakrishnapuram,17.596631,78.348912
Gurram Guda,17.607442,78.538355
Vijayawada Highway,17.755304,78.433365
Hasmathpet,17.449031,78.551607
New Nallakunta,17.462924,78.357604
Karmanghat,17.352702,78.421062
Yousufguda,17.355827,78.406918
Basheerbagh,17.289680,78.622468
Meerpet,17.213046,78.349858
Nampally,17.367262,78.503273
Isnapur,17.523963,78.270936
Film Nagar,17.252763,78.396848
Raikal,17.276249,78.372238
Kowkur,17.559330,78.517924
Lalapet,17.474831,78.439036
Upparpally,17.609001,78.747857
Patancheru-Shankarpalli Road,17.169094,78.647615
Kandukur,17.662223,78.460667
Sangareddy,17.807921,78.158909
Chevalla,17.672494,78.457200
Manneguda,17.412310,78.624488
Almasguda,17.484746,78.498339
Bandlaguda - Nagole,17.565930,78.594217
Gandipet,17.470880,78.300698
BN Reddy Nagar,17.275462,78.420014
Narayanguda,17.670321,78.495215
Mansoorabad,17.196688,78.541649
Bhuvanagiri,17.432179,78.894321
Gudimalkapur,17.232885,78.503716
Ramoji Film City,17.541121,78.245842
Maruti Nagar,17.517013,78.333783
Domalguda,17.219651,78.475101
Hastinapuram,17.463701,78.303260
Champapet,17.337894,78.600178
Patighanpur,17.518197,78.287404
Keesara,17.563287,78.775944
Mehadipatnam,17.321459,78.337973
Karkhana,17.409238,78.548362
Santosh Nagar,17.411207,78.529907
Sitaphalmandi,17.588923,78.601121
Nadergul,17.206434,78.665412
Shamshabad Road,17.665986,78.479153
Pet Basheerabad,17.122379,78.521884
Bhoiguda,17.635341,78.513698
Gundlapochampally,17.481896,78.683481
Rai Durg,17.237164,78.304154
Chandrayanagutta,17.233638,78.548396
Gagillapur,17.165312,78.415739
Erragadda,17.518598,78.344627
Rajeev Nagar,17.434362,78.293909
Moosarambagh,17.216045,78.612879
Prashanth Nagar,17.428031,78.393245
Thimmapur,17.584332,78.573747
Koti,17.505129,78.641977
Suraram,17.543830,78.318674
Gunrock Enclave,17.656987,78.274459
Golkonda,17.382932,78.515318
Qutub Shahi Tombs,17.389563,78.395482
Peerancheru,17.683060,78.511059
New Mallepally,17.430507,78.453308
Adikmet,17.631470,78.422177
Sivarampalli,17.158700,78.540893
Ram Nagar,17.559277,78.541820
New Malakpet,17.632487,78.475654
Falaknuma,17.182927,78.372042
Pochampally,17.284525,78.553321
Muthangi,17.283932,78.553372
Raj Bhavan Road,17.542861,78.289167
Katedan,17.477264,78.403201
Venkatapuram,17.145382,78.627145
Budvel,17.457204,78.509710
Chintalkunta,17.497723,78.536522
Ramgopalpet,17.206784,78.469845
Outer Ring Road,17.141987,78.562828
NH-9 Highway,17.201618,78.380497
Surya Nagar Colony,17.334159,78.592784
NH-7,17.627311,78.320431
R.K.Puram,17.157211,78.555170
Subhash Nagar,17.170608,78.669740
Jalpally,17.140642,78.324055
Nagarjuna Sagar Road,17.150614,78.617245
Kalasiguda,17.675394,78.311919
Bahadurpura,17.675645,78.554806
Chowdhariguda,17.256743,78.304590
Narsapur,17.142183,78.293304
Hakimpet,17.293714,78.237265
Humayun Nagar,17.616691,78.540654
Moghalpura,17.268828,78.600873
Abdullapurmet,17.463173,78.697979
Lothkunta,17.654310,78.460223
Mylargada,17.133414,78.649026
Dullapally,17.653867,78.452206
Neeladri Nagar,17.708994,78.420324
Kanchan Bagh,17.490637,78.727024
Saleem Nagar,17.636981,78.558149
Kakaguda,17.715169,78.531005
Pahadi Shareef,17.271463,78.598452
Kongara Kalan,17.526963,78.560146
Indresham,17.690520,78.487740
Riyasat Nagar,17.475201,78.650823
Karwan,17.523920,78.276843
SD Road,17.678080,78.392486
Yakutpura,17.515823,78.592673
Jawahar Nagar,17.704273,78.545336
Walker Town,17.578913,78.663987
Uppaguda,17.452993,78.554093
Nawab Saheb Kunta,17.350492,78.712867
Lallaguda,17.615812,78.602149
Vayupuri,17.209682,78.616445
Pavanpuri Colony,17.300275,78.367289
Lumbini Park,17.153665,78.399454
Saifabad,17.540934,78.312824
Narketpalli,17.643312,78.434083
Burgul,17.659463,78.302422
Osman Sagar Road,17.098315,78.243413
Vattepally,17.648221,78.512703
Zahirabad,17.496374,78.161840
Mazidpur,17.359699,78.241968
Sultanpur,17.619271,78.657330
Jam Bagh,17.521327,78.509727
Pulimamidi,17.394002,78.346198
Hanuman Nagar Colony,17.430024,78.326411
Medak Road,17.273981,78.263479
Adarsh Nagar,17.551231,78.300571
Dayara,17.579610,78.701452
Sheriguda,17.160600,78.299871
Rendlagadda,17.171363,78.441834
Majarguda,17.369558,78.495141
Gulshan-e-Iqbal Colony,17.256038,78.536409
Lal Darwaza,17.525098,78.629044
Tupran,17.375891,78.568242
Bairagiguda,17.566990,78.396419
Dhoolpet,17.659407,78.352827
Ghansi Bazar,17.252649,78.376882
NTR Nagar,17.268199,78.608174
Rasoolpura,17.396089,78.479126
Chintapallyguda,17.596117,78.551186
Venkat Reddy Colony,17.372469,78.476398
Jeera,17.370872,78.349115
Shahbad,17.460423,78.542639
Dasarlapally,17.498132,78.398242
Shameerpet,17.394626,78.241762
Sindhi Colony,17.605732,78.512063
Siddhartha Nagar,17.507793,78.683907
Edulanagulapalle,17.660869,78.501674
Rani Gunj,17.625243,78.569128
Afzal Gunj,17.306128,78.558906
Kazipally,17.412577,78.568948
Moti Ganpur,17.331112,78.535707
Maisireddipalle,17.288000,78.261670
Mirkhanpet,17.209646,78.491256
Ravulapalle Khurd,17.385398,78.678461
Tulekhurd,17.597671,78.697101
Toroor,17.223799,78.682291
Kurmaguda,17.301241,78.260513
Seetharampally,17.663423,78.623901
Bogaram,17.235077,78.463517
