area,cctv_count
Gachibowli,555
Kondapur,385
Kukatpally,471
Miyapur,774
Manikonda,515
Hitech City,518
Madhapur,254
Nallagandla,83
Madinaguda,111
Narsingi,73
Chanda Nagar,325
Appa Junction,304
Nizampet,52
Banjara Hills,350
Secunderabad,81
Begumpet,127
Bachupally,55
Kompally,238
KPHB Colony,29
Adibatla,64
Gajularamaram,145
Hafeezpet,217
Pragathi Nagar,257
Gopanpally,136
Puppalaguda,73
Shadnagar,79
Jubilee Hills,772
Attapur,281
Ameerpet,45
Alwal,43
Beeramguda,88
Uppal,27
Bandlaguda,79
Tellapur,87
Patancheru,104
Kollur,26
Shamshabad,101
Dilsukhnagar,77
Malkajgiri,39
Boduppal,139
Srisailam Highway,72
Yapral,47
LB Nagar,50
Sanath Nagar,171
Sainikpuri,158
Nagole,113
Mokila,94
Hayathnagar,121
Bhanur,79
Dammaiguda,118
Kokapet,146
Tolichowki,138
Himayatnagar,115
Vanasthalipuram,72
Moosapet,89
Motinagar,63
Lingampally,31
Nizampet Road,76
Moinabad,43
Whitefield,112
Rajendra Nagar,104
Financial District,661
Shaikpet,68
Chilkur,145
Mehdipatnam,84
Shamirpet,148
Habsiguda,88
Ameenpur,137
Bolaram,33
Chintal,109
Rampally,69
Bibinagar,74
Nanakramguda,114
Kothapet,116
Nacharam,148
Ghatkesar,63
Kothaguda,118
Mallapur,97
West Marredpally,128
AS Rao Nagar,159
Tarnaka,102
Tukkuguda,128
Trimulgherry,104
Bowenpally,142
Kapra,119
Kismatpur,50
ECIL,62
Ramanthapur,69
Suchitra Road,145
Kavadiguda,54
Kachiguda,109
Nagaram,243
Sri Nagar Colony,113
Osman Nagar,124
Rudraram,71
Borabanda,52
Hyder Nagar,269
Old Bowenpally,62
Neredmet,221
Somajiguda,192
Malakpet,134
Sanjeeva Reddy Nagar,40
Pocharam,113
Serilingampally,123
Balanagar,158
Mallampet,142
Bhogaram,38
Madhuranagar,62
Mettuguda,85
Warangal Highway,92
Kothur,169
Medchal,43
Srinagar Colony,83
Saroor Nagar,221
Maheshwaram,116
Amberpet,63
Langar Houz,57
Shankarpalli,86
Khairatabad,45
Abids,26
Kavuri Hills,75
East Marredpally,150
Dundigal,81
Padma Rao Nagar,88
Medipalli,139
Bhongir,86
Peerzadiguda,67
Bahadurpally,75
Quthbullapur,117
Shanthi Nagar,115
Nallakunta,115
Gandi Maisamma,102
Badangpet,116
Masab Tank,52
Ibrahimpatnam,127
Moula Ali,67
Ramchandra Puram,70
Saidabad,90
Lakdi Ka Pul,54
Punjagutta,169
Cherlapally,32
Gandhi Nagar,186
Manchirevula,103
Hyderguda,71
Anandbagh,92
Turkayamjal,51
Kushaiguda,240
Bowrampet,166
Velimela,125
Jeedimetla,271
Upperpally,113
Nandigama,114
Musheerabad,257
Balapur,69
Chikkadapally,52
Ramakrishnapuram,230
Gurram Guda,71
Vijayawada Highway,158
Hasmathpet,123
New Nallakunta,145
Karmanghat,37
Yousufguda,100
Basheerbagh,264
Meerpet,233
Nampally,106
Isnapur,132
Film Nagar,86
Raikal,158
Kowkur,154
Lalapet,136
Upparpally,107
Patancheru-Shankarpalli Road,84
Kandukur,82
Sangareddy,14
Chevalla,205
Manneguda,68
Almasguda,104
Bandlaguda - Nagole,60
Gandipet,161
BN Reddy Nagar,157
Narayanguda,272
Mansoorabad,63
Bhuvanagiri,94
Gudimalkapur,140
Ramoji Film City,126
Maruti Nagar,79
Domalguda,81
Hastinapuram,289
Champapet,145
Patighanpur,66
Keesara,135
Mehadipatnam,92
Karkhana,158
Santosh Nagar,89
Sitaphalmandi,95
Nadergul,73
Shamshabad Road,86
Pet Basheerabad,109
Bhoiguda,114
Gundlapochampally,134
Rai Durg,93
Chandrayanagutta,262
Gagillapur,70
Erragadda,66
Rajeev Nagar,111
Moosarambagh,14
Prashanth Nagar,78
Thimmapur,71
Koti,73
Suraram,126
Gunrock Enclave,47
Golkonda,88
Qutub Shahi Tombs,138
Peerancheru,219
New Mallepally,35
Adikmet,42
Sivarampalli,126
Ram Nagar,154
New Malakpet,275
Falaknuma,120
Pochampally,167
Muthangi,114
Raj Bhavan Road,132
Katedan,165
Venkatapuram,250
Budvel,259
Chintalkunta,148
Ramgopalpet,91
Outer Ring Road,256
NH-9 Highway,82
Surya Nagar Colony,128
NH-7,146
R.K.Puram,75
Subhash Nagar,55
Jalpally,105
Nagarjuna Sagar Road,97
Kalasiguda,96
Bahadurpura,251
Chowdhariguda,44
Narsapur,150
Hakimpet,79
Humayun Nagar,45
Moghalpura,131
Abdullapurmet,321
Lothkunta,40
Mylargada,122
Dullapally,141
Neeladri Nagar,173
Kanchan Bagh,77
Saleem Nagar,80
Kakaguda,97
Pahadi Shareef,79
Kongara Kalan,304
Indresham,86
Riyasat Nagar,147
Karwan,94
SD Road,237
Yakutpura,124
Jawahar Nagar,167
Walker Town,204
Uppaguda,59
Nawab Saheb Kunta,134
Lallaguda,135
Vayupuri,162
Pavanpuri Colony,159
Lumbini Park,157
Saifabad,124
Narketpalli,62
Burgul,232
Osman Sagar Road,169
Vattepally,133
Zahirabad,140
Mazidpur,193
Sultanpur,155
Jam Bagh,145
Pulimamidi,107
Hanuman Nagar Colony,111
Medak Road,131
Adarsh Nagar,102
Dayara,139
Sheriguda,252
Rendlagadda,154
Majarguda,124
Gulshan-e-Iqbal Colony,87
Lal Darwaza,113
Tupran,56
Bairagiguda,94
Dhoolpet,15
Ghansi Bazar,98
NTR Nagar,93
Rasoolpura,25
Chintapallyguda,110
Venkat Reddy Colony,38
Jeera,87
Shahbad,62
Dasarlapally,71
Shameerpet,291
Sindhi Colony,130
Siddhartha Nagar,115
Edulanagulapalle,283
Rani Gunj,27
Afzal Gunj,151
Kazipally,92
Moti Ganpur,124
Maisireddipalle,92
Mirkhanpet,261
Ravulapalle Khurd,25
Tulekhurd,51
Toroor,124
Kurmaguda,180
Seetharampally,174
Bogaram,106
