area,crime_rate_per_10k
Gachibowli,2.645
Kondapur,3.687
Kukatpally,2.729
Miyapur,2.451
Manikonda,4.674
Hitech City,2.015
Madhapur,3.078
Nallagandla,6.351
Madinaguda,2.994
Narsingi,5.947
Chanda Nagar,3.723
Appa Junction,4.338
Nizampet,2.947
Banjara Hills,1.868
Secunderabad,4.408
Begumpet,3.074
Bachupally,5.433
Kompally,2.922
KPHB Colony,5.82
Adibatla,4.966
Gajularamaram,4.527
Hafeezpet,3.42
Pragathi Nagar,3.42
Gopanpally,4.453
Puppalaguda,5.144
Shadnagar,3.918
Jubilee Hills,3.074
Attapur,6.443
Ameerpet,5.524
Alwal,4.973
Beeramguda,6.084
Uppal,3.281
Bandlaguda,5.804
Tellapur,5.42
Patancheru,3.57
Kollur,6.973
Shamshabad,4.315
Dilsukhnagar,2.5
Malkajgiri,4.535
Boduppal,4.399
Srisailam Highway,4.355
Yapral,5.957
LB Nagar,3.622
Sanath Nagar,5.044
Sainikpuri,7.353
Nagole,5.411
Mokila,4.988
Hayathnagar,3.551
Bhanur,4.63
Dammaiguda,5.936
Kokapet,4.647
Tolichowki,2.697
Himayatnagar,5.863
Vanasthalipuram,4.923
Moosapet,3.892
Motinagar,6.661
Lingampally,6.1
Nizampet Road,4.325
Moinabad,2.425
Whitefield,6.895
Rajendra Nagar,6.344
Financial District,3.129
Shaikpet,5.015
Chilkur,3.926
Mehdipatnam,6.159
Shamirpet,5.165
Habsiguda,6.823
Ameenpur,3.106
Bolaram,5.752
Chintal,2.229
Rampally,5.792
Bibinagar,4.265
Nanakramguda,6.67
Kothapet,5.419
Nacharam,3.919
Ghatkesar,4.25
Kothaguda,4.751
Mallapur,2.104
West Marredpally,2.707
AS Rao Nagar,4.732
Tarnaka,7.027
Tukkuguda,3.589
Trimulgherry,6.659
Bowenpally,3.89
Kapra,5.154
Kismatpur,5.424
ECIL,6.932
Ramanthapur,3.481
Suchitra Road,7.417
Kavadiguda,3.957
Kachiguda,6.32
Nagaram,2.017
Sri Nagar Colony,5.577
Osman Nagar,6.552
Rudraram,3.767
Borabanda,5.677
Hyder Nagar,4.281
Old Bowenpally,7.647
Neredmet,3.997
Somajiguda,2.542
Malakpet,2.349
Sanjeeva Reddy Nagar,2.221
Pocharam,2.599
Serilingampally,6.768
Balanagar,6.998
Mallampet,4.109
Bhogaram,5.899
Madhuranagar,7.082
Mettuguda,2.446
Warangal Highway,3.997
Kothur,2.316
Medchal,3.538
Srinagar Colony,5.16
Saroor Nagar,3.593
Maheshwaram,5.108
Amberpet,6.037
Langar Houz,2.763
Shankarpalli,2.219
Khairatabad,5.435
Abids,6.198
Kavuri Hills,4.856
East Marredpally,5.035
Dundigal,2.902
Padma Rao Nagar,4.002
Medipalli,4.261
Bhongir,5.754
Peerzadiguda,6.209
Bahadurpally,4.205
Quthbullapur,5.885
Shanthi Nagar,4.024
Nallakunta,5.258
Gandi Maisamma,6.492
Badangpet,3.862
Masab Tank,5.137
Ibrahimpatnam,5.113
Moula Ali,5.174
Ramchandra Puram,6.729
Saidabad,5.043
Lakdi Ka Pul,5.43
Punjagutta,3.873
Cherlapally,3.72
Gandhi Nagar,5.456
Manchirevula,4.45
Hyderguda,6.555
Anandbagh,7.557
Turkayamjal,5.526
Kushaiguda,4.295
Bowrampet,5.159
Velimela,4.498
Jeedimetla,5.288
Upperpally,7.238
Nandigama,4.886
Musheerabad,4.162
Balapur,3.12
Chikkadapally,7.131
Ramakrishnapuram,3.93
Gurram Guda,4.096
Vijayawada Highway,4.011
Hasmathpet,7.449
New Nallakunta,5.575
Karmanghat,4.839
Yousufguda,6.873
Basheerbagh,5.333
Meerpet,5.112
Nampally,4.788
Isnapur,4.148
Film Nagar,6.286
Raikal,5.102
Kowkur,5.65
Lalapet,5.21
Upparpally,2.434
Patancheru-Shankarpalli Road,5.891
Kandukur,6.394
Sangareddy,5.834
Chevalla,2.843
Manneguda,5.894
Almasguda,6.297
Bandlaguda - Nagole,5.47
Gandipet,4.682
BN Reddy Nagar,5.72
Narayanguda,4.568
Mansoorabad,5.079
Bhuvanagiri,5.116
Gudimalkapur,6.38
Ramoji Film City,7.117
Maruti Nagar,8.042
Domalguda,5.432
Hastinapuram,3.09
Champapet,4.131
Patighanpur,4.906
Keesara,3.385
Mehadipatnam,3.343
Karkhana,5.604
Santosh Nagar,4.832
Sitaphalmandi,3.929
Nadergul,4.924
Shamshabad Road,5.648
Pet Basheerabad,3.438
Bhoiguda,5.159
Gundlapochampally,7.173
Rai Durg,3.712
Chandrayanagutta,2.404
Gagillapur,3.423
Erragadda,6.521
Rajeev Nagar,3.123
Moosarambagh,3.689
Prashanth Nagar,5.86
Thimmapur,6.593
Koti,4.653
Suraram,4.599
Gunrock Enclave,4.627
Golkonda,5.334
Qutub Shahi Tombs,6.914
Peerancheru,5.477
New Mallepally,7.579
Adikmet,5.983
Sivarampalli,4.372
Ram Nagar,3.414
New Malakpet,4.275
Falaknuma,5.958
Pochampally,4.792
Muthangi,5.106
Raj Bhavan Road,6.46
Katedan,6.436
Venkatapuram,2.796
Budvel,5.628
Chintalkunta,6.885
Ramgopalpet,3.783
Outer Ring Road,3.444
NH-9 Highway,5.471
Surya Nagar Colony,6.157
NH-7,4.504
R.K.Puram,2.399
Subhash Nagar,6.736
Jalpally,5.35
Nagarjuna Sagar Road,7.931
Kalasiguda,3.958
Bahadurpura,2.344
Chowdhariguda,7.043
Narsapur,6.225
Hakimpet,6.791
Humayun Nagar,4.288
Moghalpura,5.334
Abdullapurmet,4.914
Lothkunta,3.128
Mylargada,4.558
Dullapally,6.052
Neeladri Nagar,6.391
Kanchan Bagh,4.066
Saleem Nagar,2.993
Kakaguda,5.504
Pahadi Shareef,3.6
Kongara Kalan,3.51
Indresham,5.545
Riyasat Nagar,5.534
Karwan,3.641
SD Road,3.255
Yakutpura,7.076
Jawahar Nagar,5.953
Walker Town,2.722
Uppaguda,6.09
Nawab Saheb Kunta,4.793
Lallaguda,5.079
Vayupuri,4.415
Pavanpuri Colony,5.22
Lumbini Park,2.983
Saifabad,3.697
Narketpalli,5.024
Burgul,4.419
Osman Sagar Road,5.339
Vattepally,3.579
Zahirabad,3.136
Mazidpur,5.255
Sultanpur,4.601
Jam Bagh,4.582
Pulimamidi,6.32
Hanuman Nagar Colony,5.093
Medak Road,7.559
Adarsh Nagar,2.865
Dayara,5.036
Sheriguda,2.976
Rendlagadda,5.86
Majarguda,4.117
Gulshan-e-Iqbal Colony,5.025
Lal Darwaza,4.651
Tupran,4.788
Bairagiguda,6.216
Dhoolpet,3.015
Ghansi Bazar,4.452
NTR Nagar,3.109
Rasoolpura,4.076
Chintapallyguda,4.513
Venkat Reddy Colony,6.086
Jeera,3.946
Shahbad,3.648
Dasarlapally,4.584
Shameerpet,4.869
Sindhi Colony,3.9
Siddhartha Nagar,6.149
Edulanagulapalle,1.866
Rani Gunj,5.436
Afzal Gunj,6.4
Kazipally,6.014
Moti Ganpur,4.278
Maisireddipalle,4.456
Mirkhanpet,5.639
Ravulapalle Khurd,3.207
Tulekhurd,3.985
Toroor,4.689
Kurmaguda,3.378
Seetharampally,5.595
Bogaram,5.102
