area,police_station
Gachibowli,Gachibowli Police Station
Kondapur,Gachibowli Police Station
Kukatpally,Kukatpally Police Station
Miyapur,Miyapur Police Station
Manikonda,Raidurgam Police Station
Hitech City,Madhapur Police Station
Madhapur,Madhapur Police Station
Nallagandla,Chandanagar Police Station
Madinaguda,Miyapur Police Station
Narsingi,Narsingi Police Station
Chanda Nagar,Chandanagar Police Station
Appa Junction,Rajendranagar Police Station
Nizampet,Bachupally Police Station
Banjara Hills,Banjara Hills Police Station
Secunderabad,Secunderabad Police Station
Begumpet,Begumpet Police Station
Bachupally,Bachupally Police Station
Kompally,Petbasheerabad Police Station
KPHB Colony,KPHB Police Station
Adibatla,Adibatla Police Station
Gajularamaram,Jeedimetla Police Station
Hafeezpet,Miyapur Police Station
Pragathi Nagar,Bachupally Police Station
Gopanpally,Gachibowli Police Station
Puppalaguda,Narsingi Police Station
Shadnagar,Shadnagar Police Station
Jubilee Hills,Jubilee Hills Police Station
Attapur,Rajendranagar Police Station
Ameerpet,SR Nagar Police Station
Alwal,Alwal Police Station
Beeramguda,Ameenpur Police Station
Uppal,Uppal Police Station
Bandlaguda,Bandlaguda Police Station
Tellapur,Ramachandrapuram Police Station
Patancheru,Patancheru Police Station
Kollur,BDL Bhanur Police Station
Shamshabad,Shamshabad Police Station
Dilsukhnagar,Dilsukhnagar Police Station
Malkajgiri,Malkajgiri Police Station
Boduppal,Medipally Police Station
Srisailam Highway,Pahadi Shareef Police Station
Yapral,Jawaharnagar Police Station
LB Nagar,LB Nagar Police Station
Sanath Nagar,Sanathnagar Police Station
Sainikpuri,Neredmet Police Station
Nagole,Nagole Police Station
Mokila,Mokila Police Station
Hayathnagar,Hayathnagar Police Station
Bhanur,BDL Bhanur Police Station
Dammaiguda,Jawaharnagar Police Station
Kokapet,Narsingi Police Station
Tolichowki,Golconda Police Station
Himayatnagar,Himayatnagar Police Station
Vanasthalipuram,Vanasthalipuram Police Station
Moosapet,Kukatpally Police Station
Motinagar,Sanathnagar Police Station
Lingampally,Chandanagar Police Station
Nizampet Road,Kukatpally Police Station
Moinabad,Moinabad Police Station
Whitefield,Kondapur Police Station
Rajendra Nagar,Rajendranagar Police Station
Financial District,Gachibowli Police Station
Shaikpet,Golconda Police Station
Chilkur,Moinabad Police Station
Mehdipatnam,Mehdipatnam Police Station
Shamirpet,Shamirpet Police Station
Habsiguda,Osmania University Police Station
Ameenpur,Ameenpur Police Station
Bolaram,Bolaram Police Station
Chintal,Jeedimetla Police Station
Rampally,Ghatkesar Police Station
Bibinagar,Bibinagar Police Station
Nanakramguda,Gachibowli Police Station
Kothapet,Chaitanyapuri Police Station
Nacharam,Nacharam Police Station
Ghatkesar,Ghatkesar Police Station
Kothaguda,Madhapur Police Station
Mallapur,Nacharam Police Station
West Marredpally,Marredpally Police Station
AS Rao Nagar,Kushaiguda Police Station
Tarnaka,Lallaguda Police Station
Tukkuguda,Pahadi Shareef Police Station
Trimulgherry,Trimulgherry Police Station
Bowenpally,Bowenpally Police Station
Kapra,Kushaiguda Police Station
Kismatpur,Rajendranagar Police Station
ECIL,Kushaiguda Police Station
Ramanthapur,Uppal Police Station
Suchitra Road,Petbasheerabad Police Station
Kavadiguda,Gandhinagar Police Station
Kachiguda,Kachiguda Police Station
Nagaram,Kushaiguda Police Station
Sri Nagar Colony,SR Nagar Police Station
Osman Nagar,Ramachandrapuram Police Station
Rudraram,Patancheru Police Station
Borabanda,SR Nagar Police Station
Hyder Nagar,KPHB Police Station
Old Bowenpally,Bowenpally Police Station
Neredmet,Neredmet Police Station
Somajiguda,Punjagutta Police Station
Malakpet,Malakpet Police Station
Sanjeeva Reddy Nagar,SR Nagar Police Station
Pocharam,Pocharam IT Corridor Police Station
Serilingampally,Chandanagar Police Station
Balanagar,Balanagar Police Station
Mallampet,Dundigal Police Station
Bhogaram,Keesara Police Station
Madhuranagar,SR Nagar Police Station
Mettuguda,Lallaguda Police Station
Warangal Highway,Ghatkesar Police Station
Kothur,Kothur Police Station
Medchal,Medchal Police Station
Srinagar Colony,SR Nagar Police Station
Saroor Nagar,Saroornagar Police Station
Maheshwaram,Maheshwaram Police Station
Amberpet,Amberpet Police Station
Langar Houz,Langar Houz Police Station
Shankarpalli,Shankarpally Police Station
Khairatabad,Khairatabad Police Station
Abids,Abids Police Station
Kavuri Hills,Madhapur Police Station
East Marredpally,Marredpally Police Station
Dundigal,Dundigal Police Station
Padma Rao Nagar,Chilakalguda Police Station
Medipalli,Medipalli Police Station
Bhongir,Bhongir Town Police Station
Peerzadiguda,Medipalli Police Station
Bahadurpally,Dundigal Police Station
Quthbullapur,Jeedimetla Police Station
Shanthi Nagar,Masab Tank Police Station
Nallakunta,Nallakunta Police Station
Gandi Maisamma,Dundigal Police Station
Badangpet,Meerpet Police Station
Masab Tank,Humayun Nagar Police Station
Ibrahimpatnam,Ibrahimpatnam Police Station
Moula Ali,Malkajgiri Police Station
Ramchandra Puram,Ramachandrapuram Police Station
Saidabad,Saidabad Police Station
Lakdi Ka Pul,Saifabad Police Station
Punjagutta,Punjagutta Police Station
Cherlapally,Charlapally Police Station
Gandhi Nagar,Gandhinagar Police Station
Manchirevula,Narsingi Police Station
Hyderguda,Narayanguda Police Station
Anandbagh,Malkajgiri Police Station
Turkayamjal,Adibatla Police Station
Kushaiguda,Kushaiguda Police Station
Bowrampet,Dundigal Police Station
Velimela,BDL Bhanur Police Station
Jeedimetla,Jeedimetla Police Station
Upperpally,Rajendranagar Police Station
Nandigama,Patancheru Police Station
Musheerabad,Musheerabad Police Station
Balapur,Balapur Police Station
Chikkadapally,Chikkadpally Police Station
Ramakrishnapuram,Neredmet Police Station
Gurram Guda,Meerpet Police Station
Vijayawada Highway,Hayathnagar Police Station
Hasmathpet,Bowenpally Police Station
New Nallakunta,Nallakunta Police Station
Karmanghat,Saroornagar Police Station
Yousufguda,Jubilee Hills Police Station
Basheerbagh,Saifabad Police Station
Meerpet,Meerpet Police Station
Nampally,Nampally Police Station
Isnapur,Patancheru Police Station
Film Nagar,Banjara Hills Police Station
Raikal,Shadnagar Police Station
Kowkur,Jawaharnagar Police Station
Lalapet,Lallaguda Police Station
Upparpally,Rajendranagar Police Station
Patancheru-Shankarpalli Road,Patancheru Police Station
Kandukur,Kandukur Police Station
Sangareddy,Sangareddy Town Police Station
Chevalla,Chevalla Police Station
Manneguda,Hayathnagar Police Station
Almasguda,Meerpet Police Station
Bandlaguda - Nagole,Nagole Police Station
Gandipet,Narsingi Police Station
BN Reddy Nagar,Vanasthalipuram Police Station
Narayanguda,Narayanguda Police Station
Mansoorabad,LB Nagar Police Station
Bhuvanagiri,Bhongir Town Police Station
Gudimalkapur,Asif Nagar Police Station
Ramoji Film City,Hayathnagar Police Station
Maruti Nagar,Saroornagar Police Station
Domalguda,Chikkadpally Police Station
Hastinapuram,Vanasthalipuram Police Station
Champapet,Saidabad Police Station
Patighanpur,BDL Bhanur Police Station
Keesara,Keesara Police Station
Mehadipatnam,Mehdipatnam Police Station
Karkhana,Karkhana Police Station
Santosh Nagar,Santoshnagar Police Station
Sitaphalmandi,Chilakalguda Police Station
Nadergul,Pahadi Shareef Police Station
Shamshabad Road,Shamshabad Police Station
Pet Basheerabad,Petbasheerabad Police Station
Bhoiguda,Chilakalguda Police Station
Gundlapochampally,Petbasheerabad Police Station
Rai Durg,Raidurgam Police Station
Chandrayanagutta,Chandrayangutta Police Station
Gagillapur,Dundigal Police Station
Erragadda,Sanathnagar Police Station
Rajeev Nagar,SR Nagar Police Station
Moosarambagh,Malakpet Police Station
Prashanth Nagar,Kukatpally Police Station
Thimmapur,Kothur Police Station
Koti,Koti Police Station
Suraram,Dundigal Police Station
Gunrock Enclave,Karkhana Police Station
Golkonda,Golconda Police Station
Qutub Shahi Tombs,Golconda Police Station
Peerancheru,Rajendranagar Police Station
New Mallepally,Habeebnagar Police Station
Adikmet,Nallakunta Police Station
Sivarampalli,Rajendranagar Police Station
Ram Nagar,Musheerabad Police Station
New Malakpet,Malakpet Police Station
Falaknuma,Falaknuma Police Station
Pochampally,Bhuvanagiri Police Station
Muthangi,Patancheru Police Station
Raj Bhavan Road,Punjagutta Police Station
Katedan,Mailardevpally Police Station
Venkatapuram,Alwal Police Station
Budvel,Rajendranagar Police Station
Chintalkunta,LB Nagar Police Station
Ramgopalpet,Ramgopalpet Police Station
Outer Ring Road,Shamshabad Police Station
NH-9 Highway,Hayathnagar Police Station
Surya Nagar Colony,Alwal Police Station
NH-7,Medchal Police Station
R.K.Puram,Neredmet Police Station
Subhash Nagar,Jeedimetla Police Station
Jalpally,Pahadi Shareef Police Station
Nagarjuna Sagar Road,Ibrahimpatnam Police Station
Kalasiguda,Gopalapuram Police Station
Bahadurpura,Bahadurpura Police Station
Chowdhariguda,Ghatkesar Police Station
Narsapur,Narsapur Police Station
Hakimpet,Alwal Police Station
Humayun Nagar,Humayun Nagar Police Station
Moghalpura,Moghalpura Police Station
Abdullapurmet,Abdullapurmet Police Station
Lothkunta,Alwal Police Station
Mylargada,Chilakalguda Police Station
Dullapally,Petbasheerabad Police Station
Neeladri Nagar,LB Nagar Police Station
Kanchan Bagh,Kanchanbagh Police Station
Saleem Nagar,Malakpet Police Station
Kakaguda,Karkhana Police Station
Pahadi Shareef,Pahadi Shareef Police Station
Kongara Kalan,Adibatla Police Station
Indresham,Patancheru Police Station
Riyasat Nagar,Santoshnagar Police Station
Karwan,Kulsumpura Police Station
SD Road,Gopalapuram Police Station
Yakutpura,Rein Bazar Police Station
Jawahar Nagar,Jawaharnagar Police Station
Walker Town,Chilakalguda Police Station
Uppaguda,Chatrinaka Police Station
Nawab Saheb Kunta,Falaknuma Police Station
Lallaguda,Lallaguda Police Station
Vayupuri,Neredmet Police Station
Pavanpuri Colony,Sainikpuri Police Station
Lumbini Park,Saifabad Police Station
Saifabad,Saifabad Police Station
Narketpalli,Narketpally Police Station
Burgul,Farooqnagar Police Station
Osman Sagar Road,Gandipet Police Station
Vattepally,Mailardevpally Police Station
Zahirabad,Zaheerabad Town Police Station
Mazidpur,Shamirpet Police Station
Sultanpur,BDL Bhanur Police Station
Jam Bagh,Abids Police Station
Pulimamidi,Kandukur Police Station
Hanuman Nagar Colony,Malkajgiri Police Station
Medak Road,Medchal Police Station
Adarsh Nagar,Saifabad Police Station
Dayara,Keesara Police Station
Sheriguda,Ibrahimpatnam Police Station
Rendlagadda,Keesara Police Station
Majarguda,Shamirpet Police Station
Gulshan-e-Iqbal Colony,Chandrayangutta Police Station
Lal Darwaza,Moghalpura Police Station
Tupran,Toopran Police Station
Bairagiguda,Narsingi Police Station
Dhoolpet,Mangalhat Police Station
Ghansi Bazar,Charminar Police Station
NTR Nagar,LB Nagar Police Station
Rasoolpura,Begumpet Police Station
Chintapallyguda,Ibrahimpatnam Police Station
Venkat Reddy Colony,Ramanthapur Police Station
Jeera,Gopalapuram Police Station
Shahbad,Shahbad Police Station
Dasarlapally,Kandukur Police Station
Shameerpet,Shamirpet Police Station
Sindhi Colony,Begumpet Police Station
Siddhartha Nagar,SR Nagar Police Station
Edulanagulapalle,BDL Bhanur Police Station
Rani Gunj,Gopalapuram Police Station
Afzal Gunj,Afzalgunj Police Station
Kazipally,Balanagar Police Station
Moti Ganpur,Patancheru Police Station
Maisireddipalle,Toopran Police Station
Mirkhanpet,Kandukur Police Station
Ravulapalle Khurd,Farooqnagar Police Station
Tulekhurd,Ibrahimpatnam Police Station
Toroor,Hayathnagar Police Station
Kurmaguda,Saidabad Police Station
Seetharampally,Moinabad Police Station
Bogaram,Keesara Police Station
