area,centroid_lat,centroid_lon,nearest_police_station,nearest_police_distance_km,police_latitude,police_longitude,police_proximity_score
Gachibowli,17.223953,78.357229,Chandrayangutta PS,17.177,17.32486980020091,78.47971175358313,0.055
Kondapur,17.549349,78.382752,Police Line Bowenpally & PS,13.365,17.46454543206288,78.47206165436793,0.0696
Kukatpally,17.373652,78.65265,Amberpet old PS,14.576,17.392285298560875,78.51668184863159,0.0642
Miyapur,17.341996,78.514133,Pisal Banda PS(Old Santoshnagar PS),1.065,17.341960633353125,78.50410306542845,0.4843
Manikonda,17.199545,78.39167,Chandrayangutta PS,16.781,17.32486980020091,78.47971175358313,0.0562
Hitech City,17.641101,78.466214,Bollarum PS,14.827,17.51783748731024,78.51955122623737,0.0632
Madhapur,17.547651,78.262071,Jubilee Hills PS,20.313,17.43060325248873,78.40912999439273,0.0469
Nallagandla,17.678214,78.553367,Bollarum PS,18.19,17.51783748731024,78.51955122623737,0.0521
Madinaguda,17.102511,78.516475,Chandrayangutta PS,25.032,17.32486980020091,78.47971175358313,0.0384
Narsingi,17.399182,78.548228,Amberpet old PS,3.434,17.392285298560875,78.51668184863159,0.2255
Chanda Nagar,17.421322,78.36681,Jubilee Hills PS,4.607,17.43060325248873,78.40912999439273,0.1783
Appa Junction,17.664487,78.486959,Bollarum PS,16.669,17.51783748731024,78.51955122623737,0.0566
Nizampet,17.701506,78.424703,Bollarum PS,22.763,17.51783748731024,78.51955122623737,0.0421
Banjara Hills,17.735365,78.507679,Bollarum PS,24.221,17.51783748731024,78.51955122623737,0.0396
Secunderabad,17.18024,78.162902,Golconda PS,34.774,17.390448334038723,78.40539750475249,0.028
Begumpet,17.018421,78.60224,Chandrayangutta PS,36.477,17.32486980020091,78.47971175358313,0.0267
Bachupally,17.70714,78.592468,Bollarum PS,22.423,17.51783748731024,78.51955122623737,0.0427
Kompally,17.60033,78.536343,Bollarum PS,9.344,17.51783748731024,78.51955122623737,0.0967
KPHB Colony,17.289556,78.52824,Pisal Banda PS(Old Santoshnagar PS),6.366,17.341960633353125,78.50410306542845,0.1358
Adibatla,17.196386,78.583349,Chandrayangutta PS,18.034,17.32486980020091,78.47971175358313,0.0525
Gajularamaram,17.337753,78.704216,Malakpet PS,20.713,17.370483105794303,78.51209037039057,0.0461
Hafeezpet,17.504688,78.428553,Police Line Bowenpally & PS,6.42,17.46454543206288,78.47206165436793,0.1348
Pragathi Nagar,17.165037,78.468848,Chandrayangutta PS,17.81,17.32486980020091,78.47971175358313,0.0532
Gopanpally,17.635756,78.450198,Bollarum PS,15.032,17.51783748731024,78.51955122623737,0.0624
Puppalaguda,17.44649,78.697742,Tukaramgat PS,19.075,17.445654282676692,78.51792325835994,0.0498
Shadnagar,17.25268,78.395404,Chandrayangutta PS,12.023,17.32486980020091,78.47971175358313,0.0768
Jubilee Hills,17.463773,78.474153,Police Line Bowenpally & PS,0.238,17.46454543206288,78.47206165436793,0.8078
Attapur,17.349395,78.393705,Langer_House_PS,4.366,17.378213937270864,78.42165085868263,0.1864
Ameerpet,17.178004,78.610889,Chandrayangutta PS,21.465,17.32486980020091,78.47971175358313,0.0445
Alwal,17.596252,78.430979,Bollarum PS,12.814,17.51783748731024,78.51955122623737,0.0724
Beeramguda,17.112922,78.491173,Chandrayangutta PS,23.599,17.32486980020091,78.47971175358313,0.0407
Uppal,17.220241,78.55638,Chandrayangutta PS,14.199,17.32486980020091,78.47971175358313,0.0658
Bandlaguda,17.20684,78.221349,Golconda PS,28.26,17.390448334038723,78.40539750475249,0.0342
Tellapur,17.285935,78.21136,Golconda PS,23.648,17.390448334038723,78.40539750475249,0.0406
Patancheru,17.634315,78.248326,Jubilee Hills PS,28.351,17.43060325248873,78.40912999439273,0.0341
Kollur,17.486281,78.653607,Bollarum PS,14.643,17.51783748731024,78.51955122623737,0.0639
Shamshabad,17.550631,78.554918,Bollarum PS,5.231,17.51783748731024,78.51955122623737,0.1605
Dilsukhnagar,17.46414,78.515823,Tirmulgherry Traffic PS,1.121,17.472322709895035,78.50964905098365,0.4715
Malkajgiri,17.462721,78.666189,Tukaramgat PS,15.841,17.445654282676692,78.51792325835994,0.0594
Boduppal,17.64994,78.590556,Bollarum PS,16.505,17.51783748731024,78.51955122623737,0.0571
Srisailam Highway,17.413137,78.890595,Tukaramgat PS,39.702,17.445654282676692,78.51792325835994,0.0246
Yapral,17.205047,78.672921,Pisal Banda PS(Old Santoshnagar PS),23.518,17.341960633353125,78.50410306542845,0.0408
LB Nagar,17.223302,78.650534,Pisal Banda PS(Old Santoshnagar PS),20.391,17.341960633353125,78.50410306542845,0.0467
Sanath Nagar,17.2966,78.498886,Chandrayangutta PS,3.745,17.32486980020091,78.47971175358313,0.2107
Sainikpuri,17.728488,78.514665,Bollarum PS,23.429,17.51783748731024,78.51955122623737,0.0409
Nagole,17.357873,78.501136,Rein Bazar PS Barrack,1.173,17.36148623331551,78.4907521991975,0.4602
Mokila,17.227273,78.626481,Pisal Banda PS(Old Santoshnagar PS),18.206,17.341960633353125,78.50410306542845,0.0521
Hayathnagar,17.392505,78.640786,Amberpet old PS,13.169,17.392285298560875,78.51668184863159,0.0706
Bhanur,17.613554,78.247792,Jubilee Hills PS,26.58,17.43060325248873,78.40912999439273,0.0363
Dammaiguda,17.275062,78.575521,Pisal Banda PS(Old Santoshnagar PS),10.622,17.341960633353125,78.50410306542845,0.086
Kokapet,17.329342,78.251058,Golconda PS,17.733,17.390448334038723,78.40539750475249,0.0534
Tolichowki,17.261457,78.433378,Chandrayangutta PS,8.598,17.32486980020091,78.47971175358313,0.1042
Himayatnagar,17.56324,78.449853,Bollarum PS,8.95,17.51783748731024,78.51955122623737,0.1005
Vanasthalipuram,17.631985,78.487968,Bollarum PS,13.127,17.51783748731024,78.51955122623737,0.0708
Moosapet,17.292568,78.490913,Chandrayangutta PS,3.784,17.32486980020091,78.47971175358313,0.209
Motinagar,17.481379,78.60015,Bollarum PS,9.46,17.51783748731024,78.51955122623737,0.0956
Lingampally,17.360808,78.416538,Langer_House_PS,2.01,17.378213937270864,78.42165085868263,0.3322
Nizampet Road,17.518401,78.531392,Bollarum PS,1.257,17.51783748731024,78.51955122623737,0.4431
Moinabad,17.262479,78.129574,Golconda PS,32.553,17.390448334038723,78.40539750475249,0.0298
Whitefield,17.623683,78.214484,Jubilee Hills PS,29.781,17.43060325248873,78.40912999439273,0.0325
Rajendra Nagar,17.408252,78.40942,Golconda PS,2.025,17.390448334038723,78.40539750475249,0.3306
Financial District,17.170591,78.455101,Chandrayangutta PS,17.353,17.32486980020091,78.47971175358313,0.0545
Shaikpet,17.385516,78.320897,Golconda PS,8.983,17.390448334038723,78.40539750475249,0.1002
Chilkur,17.289573,78.579594,Pisal Banda PS(Old Santoshnagar PS),9.907,17.341960633353125,78.50410306542845,0.0917
Mehdipatnam,17.650926,78.552764,Bollarum PS,15.212,17.51783748731024,78.51955122623737,0.0617
Shamirpet,17.723594,78.279877,Bollarum PS,34.185,17.51783748731024,78.51955122623737,0.0284
Habsiguda,17.318856,78.558704,Pisal Banda PS(Old Santoshnagar PS),6.34,17.341960633353125,78.50410306542845,0.1362
Ameenpur,17.46924,78.336918,Jubilee Hills PS,8.783,17.43060325248873,78.40912999439273,0.1022
Bolaram,17.621304,78.486164,Bollarum PS,12.037,17.51783748731024,78.51955122623737,0.0767
Chintal,17.451262,78.714762,Tukaramgat PS,20.89,17.445654282676692,78.51792325835994,0.0457
Rampally,17.392661,78.716157,Amberpet old PS,21.167,17.392285298560875,78.51668184863159,0.0451
Bibinagar,17.153473,78.493444,Chandrayangutta PS,19.114,17.32486980020091,78.47971175358313,0.0497
Nanakramguda,17.495902,78.319158,Jubilee Hills PS,11.991,17.43060325248873,78.40912999439273,0.077
Kothapet,17.288308,78.476194,Chandrayangutta PS,4.083,17.32486980020091,78.47971175358313,0.1967
Nacharam,17.341204,78.711032,Malakpet PS,21.364,17.370483105794303,78.51209037039057,0.0447
Ghatkesar,17.529929,78.770635,Bollarum PS,26.657,17.51783748731024,78.51955122623737,0.0362
Kothaguda,17.115072,78.385605,Chandrayangutta PS,25.38,17.32486980020091,78.47971175358313,0.0379
Mallapur,17.683371,78.412847,Bollarum PS,21.603,17.51783748731024,78.51955122623737,0.0442
West Marredpally,17.588753,78.647246,Bollarum PS,15.667,17.51783748731024,78.51955122623737,0.06
AS Rao Nagar,17.347951,78.498479,Pisal Banda PS(Old Santoshnagar PS),0.894,17.341960633353125,78.50410306542845,0.528
Tarnaka,17.1729,78.511255,Chandrayangutta PS,17.227,17.32486980020091,78.47971175358313,0.0549
Tukkuguda,17.325636,78.309221,Golconda PS,12.495,17.390448334038723,78.40539750475249,0.0741
Trimulgherry,17.551682,78.514376,Bollarum PS,3.803,17.51783748731024,78.51955122623737,0.2082
Bowenpally,17.707349,78.523173,Bollarum PS,21.076,17.51783748731024,78.51955122623737,0.0453
Kapra,17.379922,78.578805,Amberpet old PS,6.734,17.392285298560875,78.51668184863159,0.1293
Kismatpur,17.177126,78.22549,Golconda PS,30.455,17.390448334038723,78.40539750475249,0.0318
ECIL,17.333063,78.647082,Malakpet PS,14.919,17.370483105794303,78.51209037039057,0.0628
Ramanthapur,17.50756,78.536827,Bollarum PS,2.159,17.51783748731024,78.51955122623737,0.3166
Suchitra Road,17.280899,78.573214,Pisal Banda PS(Old Santoshnagar PS),9.996,17.341960633353125,78.50410306542845,0.0909
Kavadiguda,17.547813,78.498412,Bollarum PS,4.017,17.51783748731024,78.51955122623737,0.1993
Kachiguda,17.54792,78.413219,Police Line Bowenpally & PS,11.175,17.46454543206288,78.47206165436793,0.0821
Nagaram,17.286321,78.394406,Chandrayangutta PS,10.019,17.32486980020091,78.47971175358313,0.0908
Sri Nagar Colony,17.357125,78.503105,Rein Bazar PS Barrack,1.398,17.36148623331551,78.4907521991975,0.417
Osman Nagar,17.566397,78.364795,Jubilee Hills PS,15.815,17.43060325248873,78.40912999439273,0.0595
Rudraram,17.221012,78.760482,Pisal Banda PS(Old Santoshnagar PS),30.362,17.341960633353125,78.50410306542845,0.0319
Borabanda,17.609182,78.306185,Jubilee Hills PS,22.66,17.43060325248873,78.40912999439273,0.0423
Hyder Nagar,17.335728,78.344072,Golconda PS,8.91,17.390448334038723,78.40539750475249,0.1009
Old Bowenpally,17.42562,78.529928,Chilkalguda PS,1.828,17.430695900791868,78.51353880833102,0.3536
Neredmet,17.54588,78.706557,Bollarum PS,20.072,17.51783748731024,78.51955122623737,0.0475
Somajiguda,17.478951,78.552244,Tirmulgherry Traffic PS,4.577,17.472322709895035,78.50964905098365,0.1793
Malakpet,17.302068,78.621226,Pisal Banda PS(Old Santoshnagar PS),13.2,17.341960633353125,78.50410306542845,0.0704
Sanjeeva Reddy Nagar,17.599348,78.55231,Bollarum PS,9.706,17.51783748731024,78.51955122623737,0.0934
Pocharam,17.768962,78.427551,Bollarum PS,29.577,17.51783748731024,78.51955122623737,0.0327
Serilingampally,17.319887,78.300285,Golconda PS,13.639,17.390448334038723,78.40539750475249,0.0683
Balanagar,17.453849,78.290826,Jubilee Hills PS,12.813,17.43060325248873,78.40912999439273,0.0724
Mallampet,17.225908,78.667443,Pisal Banda PS(Old Santoshnagar PS),21.617,17.341960633353125,78.50410306542845,0.0442
Bhogaram,17.64651,78.684378,Bollarum PS,22.583,17.51783748731024,78.51955122623737,0.0424
Madhuranagar,17.17693,78.522131,Chandrayangutta PS,17.056,17.32486980020091,78.47971175358313,0.0554
Mettuguda,17.236819,78.710943,Pisal Banda PS(Old Santoshnagar PS),24.879,17.341960633353125,78.50410306542845,0.0386
Warangal Highway,17.621173,78.425874,Bollarum PS,15.187,17.51783748731024,78.51955122623737,0.0618
Kothur,17.209284,78.203914,Golconda PS,29.383,17.390448334038723,78.40539750475249,0.0329
Medchal,17.250938,78.704479,Pisal Banda PS(Old Santoshnagar PS),23.558,17.341960633353125,78.50410306542845,0.0407
Srinagar Colony,17.246177,78.725803,Pisal Banda PS(Old Santoshnagar PS),25.835,17.341960633353125,78.50410306542845,0.0373
Saroor Nagar,17.385923,78.427054,Langer_House_PS,1.031,17.378213937270864,78.42165085868263,0.4924
Maheshwaram,17.204511,78.391185,Chandrayangutta PS,16.355,17.32486980020091,78.47971175358313,0.0576
Amberpet,17.556419,78.461335,Bollarum PS,7.517,17.51783748731024,78.51955122623737,0.1174
Langar Houz,17.634244,78.588077,Bollarum PS,14.843,17.51783748731024,78.51955122623737,0.0631
Shankarpalli,17.118279,78.386681,Chandrayangutta PS,25.007,17.32486980020091,78.47971175358313,0.0385
Khairatabad,17.535927,78.463892,Bollarum PS,6.235,17.51783748731024,78.51955122623737,0.1382
Abids,17.180236,78.556768,Chandrayangutta PS,18.045,17.32486980020091,78.47971175358313,0.0525
Kavuri Hills,17.391905,78.216432,Golconda PS,20.052,17.390448334038723,78.40539750475249,0.0475
East Marredpally,17.549322,78.396107,Police Line Bowenpally & PS,12.399,17.46454543206288,78.47206165436793,0.0746
Dundigal,17.726931,78.355789,Bollarum PS,29.013,17.51783748731024,78.51955122623737,0.0333
Padma Rao Nagar,17.19572,78.590018,Chandrayangutta PS,18.532,17.32486980020091,78.47971175358313,0.0512
Medipalli,17.621221,78.415788,Bollarum PS,15.911,17.51783748731024,78.51955122623737,0.0591
Bhongir,17.472933,78.875214,Tukaramgat PS,38.02,17.445654282676692,78.51792325835994,0.0256
Peerzadiguda,17.632145,78.626781,Bollarum PS,17.052,17.51783748731024,78.51955122623737,0.0554
Bahadurpally,17.274382,78.366925,Langer_House_PS,12.925,17.378213937270864,78.42165085868263,0.0718
Quthbullapur,17.495439,78.59341,Bollarum PS,8.219,17.51783748731024,78.51955122623737,0.1085
Shanthi Nagar,17.313297,78.505095,Chandrayangutta PS,2.986,17.32486980020091,78.47971175358313,0.2509
Nallakunta,17.324606,78.533905,Pisal Banda PS(Old Santoshnagar PS),3.705,17.341960633353125,78.50410306542845,0.2125
Gandi Maisamma,17.640839,78.630088,Bollarum PS,18.01,17.51783748731024,78.51955122623737,0.0526
Badangpet,17.247311,78.841913,Pisal Banda PS(Old Santoshnagar PS),37.377,17.341960633353125,78.50410306542845,0.0261
Masab Tank,17.534217,78.534499,Bollarum PS,2.414,17.51783748731024,78.51955122623737,0.2929
Ibrahimpatnam,17.181797,78.680311,Pisal Banda PS(Old Santoshnagar PS),25.832,17.341960633353125,78.50410306542845,0.0373
Moula Ali,17.428152,78.672131,Tukaramgat PS,16.475,17.445654282676692,78.51792325835994,0.0572
Ramchandra Puram,17.378452,78.447775,Tappachabutra_PS,0.396,17.37519557161588,78.44928433657503,0.7163
Saidabad,17.676961,78.467221,Bollarum PS,18.543,17.51783748731024,78.51955122623737,0.0512
Lakdi Ka Pul,17.680484,78.487743,Bollarum PS,18.397,17.51783748731024,78.51955122623737,0.0516
Punjagutta,17.578921,78.36329,Police Line Bowenpally & PS,17.169,17.46454543206288,78.47206165436793,0.055
Cherlapally,17.396265,78.679704,Amberpet old PS,17.304,17.392285298560875,78.51668184863159,0.0546
Gandhi Nagar,17.233849,78.600132,Pisal Banda PS(Old Santoshnagar PS),15.763,17.341960633353125,78.50410306542845,0.0597
Manchirevula,17.634508,78.352169,Bollarum PS,21.98,17.51783748731024,78.51955122623737,0.0435
Hyderguda,17.247569,78.507122,Chandrayangutta PS,9.075,17.32486980020091,78.47971175358313,0.0993
Anandbagh,17.490648,78.646446,Bollarum PS,13.792,17.51783748731024,78.51955122623737,0.0676
Turkayamjal,17.565192,78.252368,Jubilee Hills PS,22.368,17.43060325248873,78.40912999439273,0.0428
Kushaiguda,17.538382,78.479201,Bollarum PS,4.85,17.51783748731024,78.51955122623737,0.1709
Bowrampet,17.498485,78.245917,Jubilee Hills PS,18.886,17.43060325248873,78.40912999439273,0.0503
Velimela,17.357429,78.741317,Amberpet old PS,24.152,17.392285298560875,78.51668184863159,0.0398
Jeedimetla,17.472842,78.344624,Jubilee Hills PS,8.299,17.43060325248873,78.40912999439273,0.1075
Upperpally,17.658791,78.424289,Bollarum PS,18.644,17.51783748731024,78.51955122623737,0.0509
Nandigama,17.167022,78.305901,Chandrayangutta PS,25.471,17.32486980020091,78.47971175358313,0.0378
Musheerabad,17.43865,78.617063,Tukaramgat PS,10.546,17.445654282676692,78.51792325835994,0.0866
Balapur,17.12314,78.433688,Chandrayangutta PS,22.958,17.32486980020091,78.47971175358313,0.0417
Chikkadapally,17.695691,78.713217,Bollarum PS,28.503,17.51783748731024,78.51955122623737,0.0339
Ramakrishnapuram,17.596631,78.348912,Jubilee Hills PS,19.535,17.43060325248873,78.40912999439273,0.0487
Gurram Guda,17.607442,78.538355,Bollarum PS,10.161,17.51783748731024,78.51955122623737,0.0896
Vijayawada Highway,17.755304,78.433365,Bollarum PS,27.94,17.51783748731024,78.51955122623737,0.0346
Hasmathpet,17.449031,78.551607,Tukaramgat PS,3.593,17.445654282676692,78.51792325835994,0.2177
New Nallakunta,17.462924,78.357604,Jubilee Hills PS,6.542,17.43060325248873,78.40912999439273,0.1326
Karmanghat,17.352702,78.421062,Langer_House_PS,2.837,17.378213937270864,78.42165085868263,0.2606
Yousufguda,17.355827,78.406918,Langer_House_PS,2.94,17.378213937270864,78.42165085868263,0.2538
Basheerbagh,17.28968,78.622468,Pisal Banda PS(Old Santoshnagar PS),13.845,17.341960633353125,78.50410306542845,0.0674
Meerpet,17.213046,78.349858,Chandrayangutta PS,18.567,17.32486980020091,78.47971175358313,0.0511
Nampally,17.367262,78.503273,Malakpet PS,1.002,17.370483105794303,78.51209037039057,0.4995
Isnapur,17.523963,78.270936,Jubilee Hills PS,17.961,17.43060325248873,78.40912999439273,0.0527
Film Nagar,17.252763,78.396848,Chandrayangutta PS,11.903,17.32486980020091,78.47971175358313,0.0775
Raikal,17.276249,78.372238,Langer_House_PS,12.492,17.378213937270864,78.42165085868263,0.0741
Kowkur,17.55933,78.517924,Bollarum PS,4.617,17.51783748731024,78.51955122623737,0.178
Lalapet,17.474831,78.439036,Police Line Bowenpally & PS,3.685,17.46454543206288,78.47206165436793,0.2134
Upparpally,17.609001,78.747857,Bollarum PS,26.24,17.51783748731024,78.51955122623737,0.0367
Patancheru-Shankarpalli Road,17.169094,78.647615,Pisal Banda PS(Old Santoshnagar PS),24.53,17.341960633353125,78.50410306542845,0.0392
Kandukur,17.662223,78.460667,Bollarum PS,17.225,17.51783748731024,78.51955122623737,0.0549
Sangareddy,17.807921,78.158909,Jubilee Hills PS,49.634,17.43060325248873,78.40912999439273,0.0197
Chevalla,17.672494,78.4572,Bollarum PS,18.423,17.51783748731024,78.51955122623737,0.0515
Manneguda,17.41231,78.624488,Amberpet old PS,11.654,17.392285298560875,78.51668184863159,0.079
Almasguda,17.484746,78.498339,Tirmulgherry Traffic PS,1.83,17.472322709895035,78.50964905098365,0.3534
Bandlaguda - Nagole,17.56593,78.594217,Bollarum PS,9.553,17.51783748731024,78.51955122623737,0.0948
Gandipet,17.47088,78.300698,Jubilee Hills PS,12.343,17.43060325248873,78.40912999439273,0.0749
BN Reddy Nagar,17.275462,78.420014,Chandrayangutta PS,8.388,17.32486980020091,78.47971175358313,0.1065
Narayanguda,17.670321,78.495215,Bollarum PS,17.15,17.51783748731024,78.51955122623737,0.0551
Mansoorabad,17.196688,78.541649,Chandrayangutta PS,15.697,17.32486980020091,78.47971175358313,0.0599
Bhuvanagiri,17.432179,78.894321,Tukaramgat PS,39.958,17.445654282676692,78.51792325835994,0.0244
Gudimalkapur,17.232885,78.503716,Chandrayangutta PS,10.541,17.32486980020091,78.47971175358313,0.0866
Ramoji Film City,17.541121,78.245842,Jubilee Hills PS,21.235,17.43060325248873,78.40912999439273,0.045
Maruti Nagar,17.517013,78.333783,Jubilee Hills PS,12.497,17.43060325248873,78.40912999439273,0.0741
Domalguda,17.219651,78.475101,Chandrayangutta PS,11.71,17.32486980020091,78.47971175358313,0.0787
Hastinapuram,17.463701,78.30326,Jubilee Hills PS,11.818,17.43060325248873,78.40912999439273,0.078
Champapet,17.337894,78.600178,Malakpet PS,10.027,17.370483105794303,78.51209037039057,0.0907
Patighanpur,17.518197,78.287404,Jubilee Hills PS,16.173,17.43060325248873,78.40912999439273,0.0582
Keesara,17.563287,78.775944,Bollarum PS,27.65,17.51783748731024,78.51955122623737,0.0349
Mehadipatnam,17.321459,78.337973,Golconda PS,10.491,17.390448334038723,78.40539750475249,0.087
Karkhana,17.409238,78.548362,Nallakunta Old PS,3.621,17.40809084718139,78.51425169126888,0.2164
Santosh Nagar,17.411207,78.529907,Nallakunta Old PS,1.697,17.40809084718139,78.51425169126888,0.3708
Sitaphalmandi,17.588923,78.601121,Bollarum PS,11.716,17.51783748731024,78.51955122623737,0.0786
Nadergul,17.206434,78.665412,Pisal Banda PS(Old Santoshnagar PS),22.814,17.341960633353125,78.50410306542845,0.042
Shamshabad Road,17.665986,78.479153,Bollarum PS,17.021,17.51783748731024,78.51955122623737,0.0555
Pet Basheerabad,17.122379,78.521884,Chandrayangutta PS,22.957,17.32486980020091,78.47971175358313,0.0417
Bhoiguda,17.635341,78.513698,Bollarum PS,13.081,17.51783748731024,78.51955122623737,0.071
Gundlapochampally,17.481896,78.683481,Bollarum PS,17.838,17.51783748731024,78.51955122623737,0.0531
Rai Durg,17.237164,78.304154,Langer_House_PS,20.039,17.378213937270864,78.42165085868263,0.0475
Chandrayanagutta,17.233638,78.548396,Chandrayangutta PS,12.494,17.32486980020091,78.47971175358313,0.0741
Gagillapur,17.165312,78.415739,Chandrayangutta PS,18.998,17.32486980020091,78.47971175358313,0.05
Erragadda,17.518598,78.344627,Jubilee Hills PS,11.939,17.43060325248873,78.40912999439273,0.0773
Rajeev Nagar,17.434362,78.293909,Jubilee Hills PS,12.231,17.43060325248873,78.40912999439273,0.0756
Moosarambagh,17.216045,78.612879,Pisal Banda PS(Old Santoshnagar PS),18.15,17.341960633353125,78.50410306542845,0.0522
Prashanth Nagar,17.428031,78.393245,Jubilee Hills PS,1.709,17.43060325248873,78.40912999439273,0.3691
Thimmapur,17.584332,78.573747,Bollarum PS,9.364,17.51783748731024,78.51955122623737,0.0965
Koti,17.505129,78.641977,Bollarum PS,13.059,17.51783748731024,78.51955122623737,0.0711
Suraram,17.54383,78.318674,Jubilee Hills PS,15.829,17.43060325248873,78.40912999439273,0.0594
Gunrock Enclave,17.656987,78.274459,Jubilee Hills PS,28.94,17.43060325248873,78.40912999439273,0.0334
Golkonda,17.382932,78.515318,Amberpet old PS,1.05,17.392285298560875,78.51668184863159,0.4878
Qutub Shahi Tombs,17.389563,78.395482,Golconda PS,1.057,17.390448334038723,78.40539750475249,0.4861
Peerancheru,17.68306,78.511059,Bollarum PS,18.394,17.51783748731024,78.51955122623737,0.0516
New Mallepally,17.430507,78.453308,Panjagutta_PS_3,0.469,17.426402142417125,78.45228859454625,0.6807
Adikmet,17.63147,78.422177,Bollarum PS,16.316,17.51783748731024,78.51955122623737,0.0578
Sivarampalli,17.1587,78.540893,Chandrayangutta PS,19.586,17.32486980020091,78.47971175358313,0.0486
Ram Nagar,17.559277,78.54182,Bollarum PS,5.178,17.51783748731024,78.51955122623737,0.1619
New Malakpet,17.632487,78.475654,Bollarum PS,13.571,17.51783748731024,78.51955122623737,0.0686
Falaknuma,17.182927,78.372042,Chandrayangutta PS,19.489,17.32486980020091,78.47971175358313,0.0488
Pochampally,17.284525,78.553321,Pisal Banda PS(Old Santoshnagar PS),8.251,17.341960633353125,78.50410306542845,0.1081
Muthangi,17.283932,78.553372,Pisal Banda PS(Old Santoshnagar PS),8.306,17.341960633353125,78.50410306542845,0.1075
Raj Bhavan Road,17.542861,78.289167,Jubilee Hills PS,17.824,17.43060325248873,78.40912999439273,0.0531
Katedan,17.477264,78.403201,Jubilee Hills PS,5.226,17.43060325248873,78.40912999439273,0.1606
Venkatapuram,17.145382,78.627145,Chandrayangutta PS,25.367,17.32486980020091,78.47971175358313,0.0379
Budvel,17.457204,78.50971,Marredpally PS,0.794,17.451382682131534,78.50537252510067,0.5574
Chintalkunta,17.497723,78.536522,Bollarum PS,2.871,17.51783748731024,78.51955122623737,0.2583
Ramgopalpet,17.206784,78.469845,Chandrayangutta PS,13.172,17.32486980020091,78.47971175358313,0.0706
Outer Ring Road,17.141987,78.562828,Chandrayangutta PS,22.169,17.32486980020091,78.47971175358313,0.0432
NH-9 Highway,17.201618,78.380497,Chandrayangutta PS,17.286,17.32486980020091,78.47971175358313,0.0547
Surya Nagar Colony,17.334159,78.592784,Pisal Banda PS(Old Santoshnagar PS),9.453,17.341960633353125,78.50410306542845,0.0957
NH-7,17.627311,78.320431,Jubilee Hills PS,23.809,17.43060325248873,78.40912999439273,0.0403
R.K.Puram,17.157211,78.55517,Chandrayangutta PS,20.292,17.32486980020091,78.47971175358313,0.047
Subhash Nagar,17.170608,78.66974,Pisal Banda PS(Old Santoshnagar PS),25.931,17.341960633353125,78.50410306542845,0.0371
Jalpally,17.140642,78.324055,Chandrayangutta PS,26.323,17.32486980020091,78.47971175358313,0.0366
Nagarjuna Sagar Road,17.150614,78.617245,Chandrayangutta PS,24.265,17.32486980020091,78.47971175358313,0.0396
Kalasiguda,17.675394,78.311919,Bollarum PS,28.129,17.51783748731024,78.51955122623737,0.0343
Bahadurpura,17.675645,78.554806,Bollarum PS,17.941,17.51783748731024,78.51955122623737,0.0528
Chowdhariguda,17.256743,78.30459,Golconda PS,18.318,17.390448334038723,78.40539750475249,0.0518
Narsapur,17.142183,78.293304,Chandrayangutta PS,28.365,17.32486980020091,78.47971175358313,0.0341
Hakimpet,17.293714,78.237265,Golconda PS,20.837,17.390448334038723,78.40539750475249,0.0458
Humayun Nagar,17.616691,78.540654,Bollarum PS,11.217,17.51783748731024,78.51955122623737,0.0819
Moghalpura,17.268828,78.600873,Pisal Banda PS(Old Santoshnagar PS),13.102,17.341960633353125,78.50410306542845,0.0709
Abdullapurmet,17.463173,78.697979,Tukaramgat PS,19.199,17.445654282676692,78.51792325835994,0.0495
Lothkunta,17.65431,78.460223,Bollarum PS,16.426,17.51783748731024,78.51955122623737,0.0574
Mylargada,17.133414,78.649026,Pisal Banda PS(Old Santoshnagar PS),27.832,17.341960633353125,78.50410306542845,0.0347
Dullapally,17.653867,78.452206,Bollarum PS,16.726,17.51783748731024,78.51955122623737,0.0564
Neeladri Nagar,17.708994,78.420324,Bollarum PS,23.715,17.51783748731024,78.51955122623737,0.0405
Kanchan Bagh,17.490637,78.727024,Bollarum PS,22.209,17.51783748731024,78.51955122623737,0.0431
Saleem Nagar,17.636981,78.558149,Bollarum PS,13.866,17.51783748731024,78.51955122623737,0.0673
Kakaguda,17.715169,78.531005,Bollarum PS,21.976,17.51783748731024,78.51955122623737,0.0435
Pahadi Shareef,17.271463,78.598452,Pisal Banda PS(Old Santoshnagar PS),12.719,17.341960633353125,78.50410306542845,0.0729
Kongara Kalan,17.526963,78.560146,Bollarum PS,4.422,17.51783748731024,78.51955122623737,0.1844
Indresham,17.69052,78.48774,Bollarum PS,19.495,17.51783748731024,78.51955122623737,0.0488
Riyasat Nagar,17.475201,78.650823,Tukaramgat PS,14.475,17.445654282676692,78.51792325835994,0.0646
Karwan,17.52392,78.276843,Jubilee Hills PS,17.451,17.43060325248873,78.40912999439273,0.0542
SD Road,17.67808,78.392486,Bollarum PS,22.335,17.51783748731024,78.51955122623737,0.0429
Yakutpura,17.515823,78.592673,Bollarum PS,7.757,17.51783748731024,78.51955122623737,0.1142
Jawahar Nagar,17.704273,78.545336,Bollarum PS,20.91,17.51783748731024,78.51955122623737,0.0456
Walker Town,17.578913,78.663987,Bollarum PS,16.752,17.51783748731024,78.51955122623737,0.0563
Uppaguda,17.452993,78.554093,Tukaramgat PS,3.923,17.445654282676692,78.51792325835994,0.2031
Nawab Saheb Kunta,17.350492,78.712867,Amberpet old PS,21.332,17.392285298560875,78.51668184863159,0.0448
Lallaguda,17.615812,78.602149,Bollarum PS,13.977,17.51783748731024,78.51955122623737,0.0668
Vayupuri,17.209682,78.616445,Pisal Banda PS(Old Santoshnagar PS),18.938,17.341960633353125,78.50410306542845,0.0502
Pavanpuri Colony,17.300275,78.367289,Langer_House_PS,10.412,17.378213937270864,78.42165085868263,0.0876
Lumbini Park,17.153665,78.399454,Chandrayangutta PS,20.858,17.32486980020091,78.47971175358313,0.0457
Saifabad,17.540934,78.312824,Jubilee Hills PS,15.963,17.43060325248873,78.40912999439273,0.059
Narketpalli,17.643312,78.434083,Bollarum PS,16.636,17.51783748731024,78.51955122623737,0.0567
Burgul,17.659463,78.302422,Jubilee Hills PS,27.85,17.43060325248873,78.40912999439273,0.0347
Osman Sagar Road,17.098315,78.243413,Chandrayangutta PS,35.561,17.32486980020091,78.47971175358313,0.0274
Vattepally,17.648221,78.512703,Bollarum PS,14.516,17.51783748731024,78.51955122623737,0.0644
Zahirabad,17.496374,78.16184,Jubilee Hills PS,27.23,17.43060325248873,78.40912999439273,0.0354
Mazidpur,17.359699,78.241968,Golconda PS,17.677,17.390448334038723,78.40539750475249,0.0535
Sultanpur,17.619271,78.65733,Bollarum PS,18.454,17.51783748731024,78.51955122623737,0.0514
Jam Bagh,17.521327,78.509727,Bollarum PS,1.112,17.51783748731024,78.51955122623737,0.4735
Pulimamidi,17.394002,78.346198,Golconda PS,6.294,17.390448334038723,78.40539750475249,0.1371
Hanuman Nagar Colony,17.430024,78.326411,Jubilee Hills PS,8.776,17.43060325248873,78.40912999439273,0.1023
Medak Road,17.273981,78.263479,Golconda PS,19.866,17.390448334038723,78.40539750475249,0.0479
Adarsh Nagar,17.551231,78.300571,Jubilee Hills PS,17.677,17.43060325248873,78.40912999439273,0.0535
Dayara,17.57961,78.701452,Bollarum PS,20.472,17.51783748731024,78.51955122623737,0.0466
Sheriguda,17.1606,78.299871,Chandrayangutta PS,26.427,17.32486980020091,78.47971175358313,0.0365
Rendlagadda,17.171363,78.441834,Chandrayangutta PS,17.537,17.32486980020091,78.47971175358313,0.0539
Majarguda,17.369558,78.495141,Dabeerpura PS,0.702,17.366561442046592,78.48931858991676,0.5875
Gulshan-e-Iqbal Colony,17.256038,78.536409,Chandrayangutta PS,9.737,17.32486980020091,78.47971175358313,0.0931
Lal Darwaza,17.525098,78.629044,Bollarum PS,11.638,17.51783748731024,78.51955122623737,0.0791
Tupran,17.375891,78.568242,Amberpet old PS,5.767,17.392285298560875,78.51668184863159,0.1478
Bairagiguda,17.56699,78.396419,Police Line Bowenpally & PS,13.932,17.46454543206288,78.47206165436793,0.067
Dhoolpet,17.659407,78.352827,Bollarum PS,23.667,17.51783748731024,78.51955122623737,0.0405
Ghansi Bazar,17.252649,78.376882,Chandrayangutta PS,13.553,17.32486980020091,78.47971175358313,0.0687
NTR Nagar,17.268199,78.608174,Pisal Banda PS(Old Santoshnagar PS),13.76,17.341960633353125,78.50410306542845,0.0678
Rasoolpura,17.396089,78.479126,Narayanaguda Tr. PS,0.678,17.394899002366238,78.48539058101356,0.5959
Chintapallyguda,17.596117,78.551186,Bollarum PS,9.328,17.51783748731024,78.51955122623737,0.0968
Venkat Reddy Colony,17.372469,78.476398,Afzalgunj PS Building,0.115,17.372313119677994,78.47533102756461,0.8969
Jeera,17.370872,78.349115,Golconda PS,6.357,17.390448334038723,78.40539750475249,0.1359
Shahbad,17.460423,78.542639,Tukaramgat PS,3.094,17.445654282676692,78.51792325835994,0.2443
Dasarlapally,17.498132,78.398242,Jubilee Hills PS,7.597,17.43060325248873,78.40912999439273,0.1163
Shameerpet,17.394626,78.241762,Golconda PS,17.37,17.390448334038723,78.40539750475249,0.0544
Sindhi Colony,17.605732,78.512063,Bollarum PS,9.806,17.51783748731024,78.51955122623737,0.0925
Siddhartha Nagar,17.507793,78.683907,Bollarum PS,17.464,17.51783748731024,78.51955122623737,0.0542
Edulanagulapalle,17.660869,78.501674,Bollarum PS,16.017,17.51783748731024,78.51955122623737,0.0588
Rani Gunj,17.625243,78.569128,Bollarum PS,13.048,17.51783748731024,78.51955122623737,0.0712
Afzal Gunj,17.306128,78.558906,Pisal Banda PS(Old Santoshnagar PS),7.051,17.341960633353125,78.50410306542845,0.1242
Kazipally,17.412577,78.568948,Nallakunta Old PS,5.825,17.40809084718139,78.51425169126888,0.1465
Moti Ganpur,17.331112,78.535707,Pisal Banda PS(Old Santoshnagar PS),3.565,17.341960633353125,78.50410306542845,0.2191
Maisireddipalle,17.288,78.26167,Golconda PS,19.039,17.390448334038723,78.40539750475249,0.0499
Mirkhanpet,17.209646,78.491256,Chandrayangutta PS,12.871,17.32486980020091,78.47971175358313,0.0721
Ravulapalle Khurd,17.385398,78.678461,Amberpet old PS,17.184,17.392285298560875,78.51668184863159,0.055
Tulekhurd,17.597671,78.697101,Bollarum PS,20.811,17.51783748731024,78.51955122623737,0.0458
Toroor,17.223799,78.682291,Pisal Banda PS(Old Santoshnagar PS),23.034,17.341960633353125,78.50410306542845,0.0416
Kurmaguda,17.301241,78.260513,Golconda PS,18.299,17.390448334038723,78.40539750475249,0.0518
Seetharampally,17.663423,78.623901,Bollarum PS,19.606,17.51783748731024,78.51955122623737,0.0485
Bogaram,17.235077,78.463517,Chandrayangutta PS,10.131,17.32486980020091,78.47971175358313,0.0898
