area,centroid_lat,centroid_lon,nearest_police_station,nearest_police_distance_km,police_proximity_score
Gachibowli,17.223953,78.357229,"Out Post chandrayangutta PS

",15.940977098109617,0.059028472455203686
Kondapur,17.549349,78.382752,Outpost_Borabanda,11.198245799893177,0.08197900062062671
Kukatpally,17.373652,78.65265,Outpost Sankesahwar Bazar,13.831641098501924,0.06742342222001349
Miyapur,17.341996,78.514133,"Pisal Banda PS(Old Santoshnagar PS)

",1.0645875480628335,0.4843582443080616
Manikonda,17.199545,78.39167,"Out Post chandrayangutta PS

",15.725533068716393,0.05978882681296479
Hitech City,17.641101,78.466214,Bollarum PS,14.826600220949231,0.06318476400739104
Madhapur,17.547651,78.262071,Outpost_Borabanda,19.23321458965219,0.04942368379325285
Nallagandla,17.678214,78.553367,Bollarum PS,18.189670484358487,0.05211136902090636
Madinaguda,17.102511,78.516475,"Out Post chandrayangutta PS

",24.808577039768238,0.038746808801551035
Narsingi,17.399182,78.548228,"SAR CPL,Amberpet",3.1688387555095745,0.2398749528698828
Chanda Nagar,17.421322,78.36681,Jubilee Hills PS,4.606880864110889,0.1783522825321481
Appa Junction,17.664487,78.486959,Bollarum PS,16.668600666811148,0.05659757775149724
Nizampet,17.701506,78.424703,Bollarum PS,22.76291450809218,0.042082380074189206
Banjara Hills,17.735365,78.507679,Bollarum PS,24.220655421678163,0.03965004014687342
Secunderabad,17.18024,78.162902,Golconda Police Quarters,34.616781502784455,0.028076652572378607
Begumpet,17.018421,78.60224,Chandrayangutta PS,36.47725627232083,0.02668284979918765
Bachupally,17.70714,78.592468,Bollarum PS,22.423227167457,0.04269266539793233
Kompally,17.60033,78.536343,Bollarum PS,9.343891013999922,0.09667541920603684
KPHB Colony,17.289556,78.52824,"Pisal Banda PS(Old Santoshnagar PS)

",6.365583242195644,0.13576657368709677
Adibatla,17.196386,78.583349,Chandrayangutta PS,18.033859569693178,0.05253795197650078
Gajularamaram,17.337753,78.704216,Outpost Sankesahwar Bazar,19.351636371437205,0.04913609803895004
Hafeezpet,17.504688,78.428553,Outpost_Borabanda,5.936806858880776,0.1441585473465735
Pragathi Nagar,17.165037,78.468848,"Out Post chandrayangutta PS

",17.315317745701332,0.05459910736381865
Gopanpally,17.635756,78.450198,Bollarum PS,15.032308476959697,0.06237404934149794
Puppalaguda,17.44649,78.697742,Tukaramgat PS,19.075381739747442,0.049812253284334335
Shadnagar,17.25268,78.395404,"Out Post chandrayangutta PS

",10.80053841251473,0.08474189609344249
Jubilee Hills,17.463773,78.474153,Police Line Bowenpally & PS,0.23787544643847774,0.807835717944907
Attapur,17.349395,78.393705,Langer_House_PS,4.3663584732863,0.18634610508746183
Ameerpet,17.178004,78.610889,Chandrayangutta PS,21.46482782246992,0.04451402912599994
Alwal,17.596252,78.430979,Bollarum PS,12.813982659502145,0.07239041952265199
Beeramguda,17.112922,78.491173,"Out Post chandrayangutta PS

",23.24106556271609,0.041252312008018634
Uppal,17.220241,78.55638,Chandrayangutta PS,14.19946480880386,0.06579179020966437
Bandlaguda,17.20684,78.221349,Golconda Police Quarters,28.109215416391518,0.03435338210582261
Tellapur,17.285935,78.21136,Golconda Police Quarters,23.47567726934251,0.0408568877990792
Patancheru,17.634315,78.248326,Outpost_Borabanda,26.725629787177198,0.03606771091138529
Kollur,17.486281,78.653607,Bollarum PS,14.642892478050706,0.06392679623689468
Shamshabad,17.550631,78.554918,Bollarum PS,5.230525890333434,0.16050009543359492
Dilsukhnagar,17.46414,78.515823,Tirmulgherry Traffic PS,1.1210287987210907,0.47146931743829523
Malkajgiri,17.462721,78.666189,Tukaramgat PS,15.841396863201968,0.05937749749161099
Boduppal,17.64994,78.590556,Bollarum PS,16.505094752131278,0.05712622605931614
Srisailam Highway,17.413137,78.890595,"SAR CPL,Amberpet",39.35268656391368,0.02478149747021486
Yapral,17.205047,78.672921,Outpost Sankesahwar Bazar,23.34994752556307,0.0410678503085142
LB Nagar,17.223302,78.650534,Outpost Sankesahwar Bazar,20.24775385367063,0.047063798220123215
Sanath Nagar,17.2966,78.498886,Chandrayangutta PS,3.7449455626222417,0.21075057380581644
Sainikpuri,17.728488,78.514665,Bollarum PS,23.42899144137329,0.040934968698969114
Nagole,17.357873,78.501136,Madannapet ps Backside Quarters Dilapidated,0.08290260175350429,0.9234440829495993
Mokila,17.227273,78.626481,"Pisal Banda PS(Old Santoshnagar PS)

",18.20594148649138,0.05206722100571619
Hayathnagar,17.392505,78.640786,"SAR CPL,Amberpet",12.758631289977274,0.07268164826311381
Bhanur,17.613554,78.247792,Outpost_Borabanda,25.071958180708837,0.038355385240680544
Dammaiguda,17.275062,78.575521,"Pisal Banda PS(Old Santoshnagar PS)

",10.62157144340405,0.08604688314914252
Kokapet,17.329342,78.251058,Golconda Police Quarters,17.55620498494087,0.05389032945106726
Tolichowki,17.261457,78.433378,"Out Post chandrayangutta PS

",7.547267715311838,0.11699645235267046
Himayatnagar,17.56324,78.449853,Bollarum PS,8.949631731727388,0.10050623248810303
Vanasthalipuram,17.631985,78.487968,Bollarum PS,13.126751624626538,0.07078768187987
Moosapet,17.292568,78.490913,Chandrayangutta PS,3.7835174911743383,0.2090511850003716
Motinagar,17.481379,78.60015,Police Quarters (2) Balamrai,9.395051096127707,0.09619962333542671
Lingampally,17.360808,78.416538,Langer_House_PS,2.0100715552167094,0.3322180159693929
Nizampet Road,17.518401,78.531392,Bollarum PS,1.2571334236663037,0.4430398263190315
Moinabad,17.262479,78.129574,Golconda Police Quarters,32.3779247441739,0.02995992134515641
Whitefield,17.623683,78.214484,Outpost_Borabanda,28.406830347482664,0.03400570507544019
Rajendra Nagar,17.408252,78.40942,Golconda PS,2.0251650551184515,0.3305604758021524
Financial District,17.170591,78.455101,"Out Post chandrayangutta PS

",16.753287073328806,0.056327597017361605
Shaikpet,17.385516,78.320897,Golconda Police Quarters,8.806658740722348,0.10197153040999375
Chilkur,17.289573,78.579594,Outpost Sankesahwar Bazar,9.757096484255118,0.09296188813251549
Mehdipatnam,17.650926,78.552764,Bollarum PS,15.211758806947019,0.061683621864117716
Shamirpet,17.723594,78.279877,Outpost_Borabanda,33.26251011212842,0.029186419696845704
Habsiguda,17.318856,78.558704,Outpost Sankesahwar Bazar,5.830143054485623,0.1464098177772808
Ameenpur,17.46924,78.336918,Outpost_Borabanda,8.366432612622967,0.10676423365842815
Bolaram,17.621304,78.486164,Bollarum PS,12.037050773939002,0.07670446463236875
Chintal,17.451262,78.714762,Tukaramgat PS,20.88967040407006,0.04568364811075752
Rampally,17.392661,78.716157,"SAR CPL,Amberpet",20.75349505799678,0.04596962452856011
Bibinagar,17.153473,78.493444,"Out Post chandrayangutta PS

",18.796690512343886,0.050513493625435384
Nanakramguda,17.495902,78.319158,Outpost_Borabanda,11.123231072653684,0.08248626080019998
Kothapet,17.288308,78.476194,"Out Post chandrayangutta PS

",3.7121878129524726,0.21221565007474502
Nacharam,17.341204,78.711032,Outpost Sankesahwar Bazar,20.02839250844758,0.04755475244235989
Ghatkesar,17.529929,78.770635,Bollarum PS,26.657478299346568,0.03615658626490275
Kothaguda,17.115072,78.385605,"Out Post chandrayangutta PS

",24.48675762042757,0.039236061914698105
Mallapur,17.683371,78.412847,Bollarum PS,21.603340510341738,0.04424124830320848
West Marredpally,17.588753,78.647246,Bollarum PS,15.666967255804556,0.05999891789861967
AS Rao Nagar,17.347951,78.498479,ACP Office Santoosh Nagar,0.16357238725960435,0.8594222507764703
Tarnaka,17.1729,78.511255,"Out Post chandrayangutta PS

",17.071351696841948,0.05533620377576707
Tukkuguda,17.325636,78.309221,Golconda Police Quarters,12.328621037695477,0.07502651603431741
Trimulgherry,17.551682,78.514376,Bollarum PS,3.803131227881772,0.20819751794310432
Bowenpally,17.707349,78.523173,Bollarum PS,21.076214373805428,0.04529762137056215
Kapra,17.379922,78.578805,"SAR CPL,Amberpet",6.243103171104574,0.138062371386531
Kismatpur,17.177126,78.22549,"Out Post chandrayangutta PS

",30.300218086374713,0.03194865918315469
ECIL,17.333063,78.647082,Outpost Sankesahwar Bazar,13.454637025199817,0.0691819516641357
Ramanthapur,17.50756,78.536827,Bollarum PS,2.1591692770485422,0.31653891017016067
Suchitra Road,17.280899,78.573214,"Pisal Banda PS(Old Santoshnagar PS)

",9.996370592686997,0.09093909591088517
Kavadiguda,17.547813,78.498412,Bollarum PS,4.016652256211634,0.19933612076894447
Kachiguda,17.54792,78.413219,Outpost_Borabanda,10.539188311193708,0.08666120813973889
Nagaram,17.286321,78.394406,"Out Post chandrayangutta PS

",8.697463314550417,0.10311975075992963
Sri Nagar Colony,17.357125,78.503105,Madannapet ps Backside Quarters Dilapidated,0.29819074678195634,0.7703028252811601
Osman Nagar,17.566397,78.364795,Outpost_Borabanda,13.630265409728437,0.06835145993558306
Rudraram,17.221012,78.760482,Outpost Sankesahwar Bazar,29.487415418564265,0.03280041900144426
Borabanda,17.609182,78.306185,Outpost_Borabanda,20.776361287572225,0.04592135420579655
Hyder Nagar,17.335728,78.344072,Golconda Police Quarters,8.754104143269007,0.10252094762491006
Old Bowenpally,17.42562,78.529928,Chilkalguda PS,1.8280487161572188,0.35360069799604094
Neredmet,17.54588,78.706557,Bollarum PS,20.071883943056854,0.04745660154081753
Somajiguda,17.478951,78.552244,Police Quarters (2) Balamrai,4.315385714805179,0.1881331014632966
Malakpet,17.302068,78.621226,Outpost Sankesahwar Bazar,12.169973481540982,0.07593029715675575
Sanjeeva Reddy Nagar,17.599348,78.55231,Bollarum PS,9.706134385722955,0.09340439452483791
Pocharam,17.768962,78.427551,Bollarum PS,29.57659640345207,0.032704751922195664
Serilingampally,17.319887,78.300285,Golconda Police Quarters,13.472095732164039,0.06909849260998968
Balanagar,17.453849,78.290826,Jubilee Hills PS,12.813363033508475,0.07239366673953321
Mallampet,17.225908,78.667443,Outpost Sankesahwar Bazar,21.285245035677978,0.044872739716302484
Bhogaram,17.64651,78.684378,Bollarum PS,22.582549334152958,0.04240423653229763
Madhuranagar,17.17693,78.522131,"Out Post chandrayangutta PS

",16.995572085772245,0.055569225320190034
Mettuguda,17.236819,78.710943,Outpost Sankesahwar Bazar,24.111654353141116,0.039822147355851684
Warangal Highway,17.621173,78.425874,Bollarum PS,15.186973103670418,0.06177807262639169
Kothur,17.209284,78.203914,Golconda Police Quarters,29.22732519485033,0.0330826493430641
Medchal,17.250938,78.704479,Outpost Sankesahwar Bazar,22.67832866912352,0.04223271050815328
Srinagar Colony,17.246177,78.725803,Outpost Sankesahwar Bazar,24.890716467341104,0.038623882860152337
Saroor Nagar,17.385923,78.427054,Langer_House_PS,1.031287938118445,0.4922984975366352
Maheshwaram,17.204511,78.391185,"Out Post chandrayangutta PS

",15.282269969337362,0.06141649793813711
Amberpet,17.556419,78.461335,Bollarum PS,7.516927193788241,0.11741323804309878
Langar Houz,17.634244,78.588077,Bollarum PS,14.8427790176989,0.0631202391248935
Shankarpalli,17.118279,78.386681,"Out Post chandrayangutta PS

",24.112842121541473,0.039820263877747744
Khairatabad,17.535927,78.463892,Bollarum PS,6.235068206870224,0.13821569768346167
Abids,17.180236,78.556768,Chandrayangutta PS,18.044544592886243,0.05250847533385138
Kavuri Hills,17.391905,78.216432,Golconda Police Quarters,19.877930247740306,0.04789746819411055
East Marredpally,17.549322,78.396107,Outpost_Borabanda,10.861204731206513,0.08430846804026801
Dundigal,17.726931,78.355789,Bollarum PS,29.013177940828136,0.033318697605816
Padma Rao Nagar,17.19572,78.590018,Chandrayangutta PS,18.531869510139593,0.05119837604284983
Medipalli,17.621221,78.415788,Bollarum PS,15.910540649980568,0.05913471489163471
Bhongir,17.472933,78.875214,Tukaramgat PS,38.019805541873865,0.02562801085532977
Peerzadiguda,17.632145,78.626781,Bollarum PS,17.051684451953605,0.05539649236954046
Bahadurpally,17.274382,78.366925,"Out Post chandrayangutta PS

",11.902101660585114,0.07750675248939634
Quthbullapur,17.495439,78.59341,Bollarum PS,8.218782879655649,0.10847418938641423
Shanthi Nagar,17.313297,78.505095,Chandrayangutta PS,2.986033185150408,0.2508759846068031
Nallakunta,17.324606,78.533905,"Pisal Banda PS(Old Santoshnagar PS)

",3.7054851208833743,0.2125179390243757
Gandi Maisamma,17.640839,78.630088,Bollarum PS,18.009866688912282,0.05260426158502528
Badangpet,17.247311,78.841913,Outpost Sankesahwar Bazar,36.03475839929831,0.027001661229115695
Masab Tank,17.534217,78.534499,Bollarum PS,2.4143953740982913,0.29287762266374623
Ibrahimpatnam,17.181797,78.680311,Outpost Sankesahwar Bazar,25.805941327586158,0.03730516260478769
Moula Ali,17.428152,78.672131,Tukaramgat PS,16.47452130747963,0.05722617417691261
Ramchandra Puram,17.378452,78.447775,Tappachabutra_PS,0.39594183248953146,0.716362227082624
Saidabad,17.676961,78.467221,Bollarum PS,18.542714872807313,0.0511699631555004
Lakdi Ka Pul,17.680484,78.487743,Bollarum PS,18.397016983447017,0.051554318937462276
Punjagutta,17.578921,78.36329,Outpost_Borabanda,14.982880191144234,0.06256694588463962
Cherlapally,17.396265,78.679704,"SAR CPL,Amberpet",16.902793357277613,0.05585720507651913
Gandhi Nagar,17.233849,78.600132,"Pisal Banda PS(Old Santoshnagar PS)

",15.76276009222204,0.05965604676666598
Manchirevula,17.634508,78.352169,Outpost_Borabanda,21.20467458033475,0.04503556205618233
Hyderguda,17.247569,78.507122,Chandrayangutta PS,9.074757571052176,0.09925797151420321
Anandbagh,17.490648,78.646446,Bollarum PS,13.792131387623309,0.06760350985231971
Turkayamjal,17.565192,78.252368,Outpost_Borabanda,21.18718159654726,0.045071069331114086
Kushaiguda,17.538382,78.479201,Bollarum PS,4.850108421989447,0.1709370028495865
Bowrampet,17.498485,78.245917,Outpost_Borabanda,18.523241106164143,0.05122100344723328
Velimela,17.357429,78.741317,Outpost Sankesahwar Bazar,23.1454353730827,0.041415695536175696
Jeedimetla,17.472842,78.344624,Outpost_Borabanda,7.67451280238912,0.11528024948266623
Upperpally,17.658791,78.424289,Bollarum PS,18.644358895861032,0.05090519906000572
Nandigama,17.167022,78.305901,"Out Post chandrayangutta PS

",24.257533197063285,0.03959214829880025
Musheerabad,17.43865,78.617063,Tukaramgat PS,10.545760285448454,0.08661187962306274
Balapur,17.12314,78.433688,"Out Post chandrayangutta PS

",22.273350106629525,0.042967600084147115
Chikkadapally,17.695691,78.713217,Bollarum PS,28.50292574110286,0.033894943463414574
Ramakrishnapuram,17.596631,78.348912,Outpost_Borabanda,17.382603381947806,0.05439925886569614
Gurram Guda,17.607442,78.538355,Bollarum PS,10.161023892279939,0.08959751449790357
Vijayawada Highway,17.755304,78.433365,Bollarum PS,27.93993137318285,0.034554332113124794
Hasmathpet,17.449031,78.551607,Tukaramgat PS,3.592817055790986,0.21773129385572218
New Nallakunta,17.462924,78.357604,Outpost_Borabanda,6.076755048499827,0.14130770291561612
Karmanghat,17.352702,78.421062,"Out Post Kishanbagh

",2.5424922689916594,0.2822871368706308
Yousufguda,17.355827,78.406918,Langer_House_PS,2.939613880072937,0.2538319821285345
Basheerbagh,17.28968,78.622468,Outpost Sankesahwar Bazar,13.04533833954936,0.07119800006413264
Meerpet,17.213046,78.349858,"Out Post chandrayangutta PS

",17.341326271661032,0.054521684265825876
Nampally,17.367262,78.503273,ACP Malakpet,0.6095193551604163,0.621303494607763
Isnapur,17.523963,78.270936,Outpost_Borabanda,17.09151366653827,0.05527453470350475
Film Nagar,17.252763,78.396848,"Out Post chandrayangutta PS

",10.685186431528003,0.08557843778186396
Raikal,17.276249,78.372238,"Out Post chandrayangutta PS

",11.303884354452245,0.08127514622145673
Kowkur,17.55933,78.517924,Bollarum PS,4.616981563220563,0.17803156174624118
Lalapet,17.474831,78.439036,Outpost_Borabanda,3.5898607446034947,0.2178715337226178
Upparpally,17.609001,78.747857,Bollarum PS,26.240102118643836,0.03671058190767846
Patancheru-Shankarpalli Road,17.169094,78.647615,"Pisal Banda PS(Old Santoshnagar PS)

",24.530085605556007,0.03916947304643484
Kandukur,17.662223,78.460667,Bollarum PS,17.225476791584637,0.05486824906889329
Sangareddy,17.807921,78.158909,Outpost_Borabanda,47.82094460246434,0.02048301211995646
Chevalla,17.672494,78.4572,Bollarum PS,18.423176625298556,0.05148488423348356
Manneguda,17.41231,78.624488,"SAR CPL,Amberpet",11.338967338933777,0.0810440592418661
Almasguda,17.484746,78.498339,Police Quarters (2) Balamrai,1.4930396893126814,0.4011167589055492
Bandlaguda - Nagole,17.56593,78.594217,Bollarum PS,9.553330393981486,0.09475681729535305
Gandipet,17.47088,78.300698,Outpost_Borabanda,12.17536091521932,0.07589924909342445
BN Reddy Nagar,17.275462,78.420014,"Out Post chandrayangutta PS

",7.161129773752636,0.12253205471822583
Narayanguda,17.670321,78.495215,Bollarum PS,17.150482960051516,0.05509495269084354
Mansoorabad,17.196688,78.541649,Chandrayangutta PS,15.697415820682059,0.059889506899706096
Bhuvanagiri,17.432179,78.894321,"SAR CPL,Amberpet",39.948057470277874,0.02442118287847597
Gudimalkapur,17.232885,78.503716,"Out Post chandrayangutta PS

",10.482144109500618,0.087091747888147
Ramoji Film City,17.541121,78.245842,Outpost_Borabanda,20.337224511538135,0.04686645160710797
Maruti Nagar,17.517013,78.333783,Outpost_Borabanda,11.07975046158772,0.08278316701821699
Domalguda,17.219651,78.475101,"Out Post chandrayangutta PS

",11.267762954222716,0.08151445408030056
Hastinapuram,17.463701,78.30326,Outpost_Borabanda,11.801563547742301,0.07811545802749706
Champapet,17.337894,78.600178,Outpost Sankesahwar Bazar,8.49337231679164,0.10533664609690119
Patighanpur,17.518197,78.287404,Outpost_Borabanda,15.248028514792853,0.06154592842384293
Keesara,17.563287,78.775944,Bollarum PS,27.649766142902028,0.034904298869739635
Mehadipatnam,17.321459,78.337973,Golconda Police Quarters,10.341667304478355,0.08817045793656295
Karkhana,17.409238,78.548362,"Nallakunta Old PS

",3.6214073497863963,0.21638430121210164
Santosh Nagar,17.411207,78.529907,"Nallakunta Old PS

",1.6968010068668395,0.37080971026549947
Sitaphalmandi,17.588923,78.601121,Bollarum PS,11.715940515824972,0.07864144997812009
Nadergul,17.206434,78.665412,Outpost Sankesahwar Bazar,22.69933629406814,0.04219527448328992
Shamshabad Road,17.665986,78.479153,Bollarum PS,17.02078684981122,0.05549147261627345
Pet Basheerabad,17.122379,78.521884,"Out Post chandrayangutta PS

",22.789643829348464,0.042035097590083906
Bhoiguda,17.635341,78.513698,Bollarum PS,13.080518344231331,0.07102011272260382
Gundlapochampally,17.481896,78.683481,Bollarum PS,17.83797928014368,0.053084249914960774
Rai Durg,17.237164,78.304154,"Out Post chandrayangutta PS

",19.72085868017828,0.04826054824439332
Chandrayanagutta,17.233638,78.548396,Chandrayangutta PS,12.493756239792633,0.07410834924163175
Gagillapur,17.165312,78.415739,"Out Post chandrayangutta PS

",18.152566179577796,0.05221232448037646
Erragadda,17.518598,78.344627,Outpost_Borabanda,10.346821674403285,0.08813040591409389
Rajeev Nagar,17.434362,78.293909,Jubilee Hills PS,12.230686689632302,0.07558186687192964
Moosarambagh,17.216045,78.612879,"Pisal Banda PS(Old Santoshnagar PS)

",18.150017327895434,0.05221927389816618
Prashanth Nagar,17.428031,78.393245,Jubilee Hills PS,1.7093333388639456,0.36909448743553697
Thimmapur,17.584332,78.573747,Bollarum PS,9.363910920759066,0.0964886718581289
Koti,17.505129,78.641977,Bollarum PS,13.058929692759582,0.07112916999044422
Suraram,17.54383,78.318674,Outpost_Borabanda,14.27640854040482,0.06546041220062189
Gunrock Enclave,17.656987,78.274459,Outpost_Borabanda,27.065143981268438,0.03563138677169914
Golkonda,17.382932,78.515318,Amberpet Police Station,0.7557916784121991,0.5695436493378997
Qutub Shahi Tombs,17.389563,78.395482,Golconda Police Quarters,0.8793956640611156,0.53208593545392
Peerancheru,17.68306,78.511059,Bollarum PS,18.393940810330378,0.05156249623425374
New Mallepally,17.430507,78.453308,Special Intelligence Branch ,0.2703723371886226,0.7871707929448732
Adikmet,17.63147,78.422177,Bollarum PS,16.315599445590532,0.057751393657622
Sivarampalli,17.1587,78.540893,Chandrayangutta PS,19.58631250052635,0.048575965218366914
Ram Nagar,17.559277,78.54182,Bollarum PS,5.177552427522685,0.1618764084534073
New Malakpet,17.632487,78.475654,Bollarum PS,13.571148270298275,0.06862877114759672
Falaknuma,17.182927,78.372042,"Out Post chandrayangutta PS

",18.402235433027613,0.05154045282317015
Pochampally,17.284525,78.553321,"Pisal Banda PS(Old Santoshnagar PS)

",8.251473571949735,0.10809088868091005
Muthangi,17.283932,78.553372,"Pisal Banda PS(Old Santoshnagar PS)

",8.306027707826804,0.1074572343212511
Raj Bhavan Road,17.542861,78.289167,Outpost_Borabanda,16.573869220830982,0.05690266539679615
Katedan,17.477264,78.403201,Outpost_Borabanda,2.9152688043199064,0.2554103051357933
Venkatapuram,17.145382,78.627145,Chandrayangutta PS,25.367108871988947,0.03792603902289599
Budvel,17.457204,78.50971,Marredpally PS,0.7941592746144948,0.5573641170820058
Chintalkunta,17.497723,78.536522,Bollarum PS,2.870756202529693,0.2583474514221434
Ramgopalpet,17.206784,78.469845,"Out Post chandrayangutta PS

",12.674580325911476,0.07312838684380943
Outer Ring Road,17.141987,78.562828,Chandrayangutta PS,22.16883797402745,0.0431614223001176
NH-9 Highway,17.201618,78.380497,"Out Post chandrayangutta PS

",16.179087078558748,0.05821031091041514
Surya Nagar Colony,17.334159,78.592784,Outpost Sankesahwar Bazar,7.8771395465041465,0.11264889942997505
NH-7,17.627311,78.320431,Outpost_Borabanda,21.75825720693617,0.04394009571590675
R.K.Puram,17.157211,78.55517,Chandrayangutta PS,20.29214843943042,0.0469656691923171
Subhash Nagar,17.170608,78.66974,"Pisal Banda PS(Old Santoshnagar PS)

",25.930835110635712,0.03713215709397267
Jalpally,17.140642,78.324055,"Out Post chandrayangutta PS

",25.19340246216702,0.03817755258960231
Nagarjuna Sagar Road,17.150614,78.617245,Chandrayangutta PS,24.26480956438299,0.039580745599988525
Kalasiguda,17.675394,78.311919,Outpost_Borabanda,26.977460644678168,0.03574305805306239
Bahadurpura,17.675645,78.554806,Bollarum PS,17.94085078091968,0.05279593887130791
Chowdhariguda,17.256743,78.30459,Golconda Police Quarters,18.18248804884629,0.0521308809083368
Narsapur,17.142183,78.293304,"Out Post chandrayangutta PS

",27.17293167493569,0.03549506354319736
Hakimpet,17.293714,78.237265,Golconda Police Quarters,20.665675621665066,0.04615595735219206
Humayun Nagar,17.616691,78.540654,Bollarum PS,11.217344687381145,0.08185084611984993
Moghalpura,17.268828,78.600873,Outpost Sankesahwar Bazar,12.969871198210766,0.07158262132925593
Abdullapurmet,17.463173,78.697979,Tukaramgat PS,19.198505164111317,0.04950861422046216
Lothkunta,17.65431,78.460223,Bollarum PS,16.426492703654546,0.05738389342052104
Mylargada,17.133414,78.649026,"Pisal Banda PS(Old Santoshnagar PS)

",27.832064383367133,0.03468360734435956
Dullapally,17.653867,78.452206,Bollarum PS,16.725650914204905,0.05641541768142485
Neeladri Nagar,17.708994,78.420324,Bollarum PS,23.71486055270966,0.04046148663745396
Kanchan Bagh,17.490637,78.727024,Bollarum PS,22.20857821554527,0.04308751663771428
Saleem Nagar,17.636981,78.558149,Bollarum PS,13.865563654209792,0.06726956496646591
Kakaguda,17.715169,78.531005,Bollarum PS,21.975813920827232,0.04352402937479899
Pahadi Shareef,17.271463,78.598452,Outpost Sankesahwar Bazar,12.580290901282039,0.07363612512200277
Kongara Kalan,17.526963,78.560146,Bollarum PS,4.422466990436784,0.18441790457436222
Indresham,17.69052,78.48774,Bollarum PS,19.49518225135013,0.048791954505997354
Riyasat Nagar,17.475201,78.650823,Tukaramgat PS,14.474675282988752,0.06462171139056443
Karwan,17.52392,78.276843,Outpost_Borabanda,16.53575067138123,0.05702635825177557
SD Road,17.67808,78.392486,Bollarum PS,22.335350194299874,0.042853438738805386
Yakutpura,17.515823,78.592673,Bollarum PS,7.7569698023031295,0.11419475258861744
Jawahar Nagar,17.704273,78.545336,Bollarum PS,20.91002612814692,0.045641205270647335
Walker Town,17.578913,78.663987,Bollarum PS,16.751505747261596,0.05633324937262087
Uppaguda,17.452993,78.554093,Tukaramgat PS,3.9226327419565976,0.2031433284625922
Nawab Saheb Kunta,17.350492,78.712867,Outpost Sankesahwar Bazar,20.147489240141045,0.04728693740634954
Lallaguda,17.615812,78.602149,Bollarum PS,13.97694834807884,0.06676927614084176
Vayupuri,17.209682,78.616445,"Pisal Banda PS(Old Santoshnagar PS)

",18.937540772005278,0.05015663724204748
Pavanpuri Colony,17.300275,78.367289,Langer_House_PS,10.411553220209274,0.08763048996950314
Lumbini Park,17.153665,78.399454,"Out Post chandrayangutta PS

",19.953471605855217,0.04772478846515157
Saifabad,17.540934,78.312824,Outpost_Borabanda,14.50347197008889,0.06450168078023534
Narketpalli,17.643312,78.434083,Bollarum PS,16.63553133540743,0.05670370690744472
Burgul,17.659463,78.302422,Outpost_Borabanda,25.810343209072656,0.037299037621480305
Osman Sagar Road,17.098315,78.243413,"Out Post chandrayangutta PS

",34.36077834379609,0.02827992048923454
Vattepally,17.648221,78.512703,Bollarum PS,14.516146869044428,0.0644489903608128
Zahirabad,17.496374,78.16184,Outpost_Borabanda,27.170067552653148,0.035498672416418
Mazidpur,17.359699,78.241968,Golconda Police Quarters,17.49780220637911,0.05406047642001179
Sultanpur,17.619271,78.65733,Bollarum PS,18.453726548996777,0.05140403292301699
Jam Bagh,17.521327,78.509727,Bollarum PS,1.1116483438686535,0.47356369866392917
Pulimamidi,17.394002,78.346198,Golconda Police Quarters,6.122732368587986,0.14039556005362594
Hanuman Nagar Colony,17.430024,78.326411,Jubilee Hills PS,8.775817973250213,0.1022932303707293
Medak Road,17.273981,78.263479,Golconda Police Quarters,19.706261253362296,0.04829457079498692
Adarsh Nagar,17.551231,78.300571,Outpost_Borabanda,16.23492349702419,0.05802172549084199
Dayara,17.57961,78.701452,Bollarum PS,20.47183800112563,0.04657263155336662
Sheriguda,17.1606,78.299871,"Out Post chandrayangutta PS

",25.215379322527333,0.03814554760764734
Rendlagadda,17.171363,78.441834,"Out Post chandrayangutta PS

",16.841851509412784,0.056047994765141516
Majarguda,17.369558,78.495141,"Dabeerpura PS
",0.7020181735428618,0.5875377922190071
Gulshan-e-Iqbal Colony,17.256038,78.536409,Chandrayangutta PS,9.737290332264644,0.09313336689752023
Lal Darwaza,17.525098,78.629044,Bollarum PS,11.63820592037161,0.07912515481236884
Tupran,17.375891,78.568242,Outpost Sankesahwar Bazar,5.136388636479052,0.16296229903942033
Bairagiguda,17.56699,78.396419,Outpost_Borabanda,12.795412828270514,0.07248786335344244
Dhoolpet,17.659407,78.352827,Bollarum PS,23.666671468982344,0.04054053264776613
Ghansi Bazar,17.252649,78.376882,"Out Post chandrayangutta PS

",12.28297546010015,0.07528433693217561
NTR Nagar,17.268199,78.608174,Outpost Sankesahwar Bazar,13.527723742691595,0.06883390803071032
Rasoolpura,17.396089,78.479126,"Police Association Building

",0.2011667508807147,0.8325238766947087
Chintapallyguda,17.596117,78.551186,Bollarum PS,9.328039338816435,0.09682379851533343
Venkat Reddy Colony,17.372469,78.476398,Afzalgunj PS Building,0.11454897140468454,0.8972239225519929
Jeera,17.370872,78.349115,Golconda Police Quarters,6.17863630842115,0.1393022235750981
Shahbad,17.460423,78.542639,Tukaramgat PS,3.0936031977222034,0.24428356919313243
Dasarlapally,17.498132,78.398242,Outpost_Borabanda,5.27341461042152,0.15940282319915222
Shameerpet,17.394626,78.241762,Golconda Police Quarters,17.196395580588785,0.05495593869517552
Sindhi Colony,17.605732,78.512063,Bollarum PS,9.805610824169806,0.09254451379677835
Siddhartha Nagar,17.507793,78.683907,Bollarum PS,17.46420211999188,0.05415885254620684
Edulanagulapalle,17.660869,78.501674,Bollarum PS,16.01686518112886,0.05876523022048543
Rani Gunj,17.625243,78.569128,Bollarum PS,13.048139391586377,0.07118380392772254
Afzal Gunj,17.306128,78.558906,Outpost Sankesahwar Bazar,6.9827035014222,0.12527084337052477
Kazipally,17.412577,78.568948,"SAR CPL,Amberpet",5.794433854695368,0.1471792972579958
Moti Ganpur,17.331112,78.535707,Outpost Sankesahwar Bazar,3.360698895528663,0.2293210386585902
Maisireddipalle,17.288,78.26167,Golconda Police Quarters,18.87480389663899,0.05031496185827067
Mirkhanpet,17.209646,78.491256,"Out Post chandrayangutta PS

",12.599851597679011,0.07353021412164988
Ravulapalle Khurd,17.385398,78.678461,Outpost Sankesahwar Bazar,16.73420432157198,0.05638820788726307
Tulekhurd,17.597671,78.697101,Bollarum PS,20.811143689845228,0.04584812306131279
Toroor,17.223799,78.682291,Outpost Sankesahwar Bazar,22.6011018021473,0.04237090320541802
Kurmaguda,17.301241,78.260513,Golconda Police Quarters,18.13025426592248,0.052273220528037706
Seetharampally,17.663423,78.623901,Bollarum PS,19.606126025726862,0.04852925769509002
Bogaram,17.235077,78.463517,"Out Post chandrayangutta PS

",9.538675833020424,0.09488858143513047
